,article_id,full_name,sex,birth_year,city,state,country,continent,latitude,longitude,occupation,industry,domain,article_languages,page_views,average_views,historical_popularity_index
2,1095706,Jesus Christ,Male,-4,Judea,,Israel,Asia,32.5,34.9,Religious Figure,Religion,Institutions,214,60299092,281771,31.8981
11,19577,Moses,Male,-1391,Wadi Tumilat,,Egypt,Africa,,,Religious Figure,Religion,Institutions,115,21880195,190263,30.8632
12,18934,Muhammad,Male,570,Mecca,,Saudi Arabia,Asia,21.41667,39.81667,Religious Figure,Religion,Institutions,150,43026648,286844,30.65
13,1436,Abraham,Male,-1800,Other,,Unknown,,33.7,43.5,Religious Figure,Religion,Institutions,105,17824676,169759,30.6047
29,7567080,Martin Luther,Male,1483,Eisleben,,Germany,Europe,51.51667,11.55,Religious Figure,Religion,Institutions,125,35167994,281344,30.0311
32,24140,Paul of Tarsus,Male,5,Tarsus,,Turkey,Asia,36.91667,34.895559999999996,Religious Figure,Religion,Institutions,100,15781652,157817,29.8889
51,28329,Solomon,Male,-1000,Jerusalem,,Israel,Asia,31.78333,35.21667,Religious Figure,Religion,Institutions,79,13359813,169112,29.5649
60,73513,Mary,Female,-18,Nazareth,,Israel,Asia,32.70194,35.303329999999995,Religious Figure,Religion,Institutions,100,4043545,40435,29.3919
76,31665644,Saint Peter,Male,0,Bethsaida,,Syria,Asia,32.91,35.631,Religious Figure,Religion,Institutions,98,14650751,149497,29.1364
80,16125,John the Baptist,Male,-5,Jerusalem,,Israel,Asia,,,Religious Figure,Religion,Institutions,78,10702126,137207,29.0865
82,20787,Mary Magdalene,Female,1,Magdala,,Israel,Asia,32.825,35.5075,Religious Figure,Religion,Institutions,65,13657412,210114,29.0759
105,59172,Judas Iscariot,Male,-1,Other,,Unknown,,,,Religious Figure,Religion,Institutions,63,11142102,176859,28.7693
140,15192,Isaac,Male,-3500,Canaan,,Israel,Asia,,,Religious Figure,Religion,Institutions,62,4778973,77080,28.3556
159,9840,Elijah,Male,-3500,Tishbe,Gilead,Jordan,Asia,,,Religious Figure,Religion,Institutions,55,5685950,103381,28.2463
169,15930,John Calvin,Male,1509,Noyon,,France,Europe,49.5817,2.9997,Religious Figure,Religion,Institutions,79,9406706,119072,28.177
184,405374,Ali,Male,598,Kaaba,,Saudi Arabia,Asia,21.4225,39.82618,Religious Figure,Religion,Institutions,84,9632569,114673,28.0897
211,53617,Methuselah,Male,-3500,Other,,Unknown,Unknown,,,Religious Figure,Religion,Institutions,39,5031601,129015,27.9189
247,31663669,Saint Andrew,Male,1,Bethsaida,Galilee,Israel,Asia,32.91,35.631,Religious Figure,Religion,Institutions,68,2732393,40182,27.7439
253,29010,Saint George,Male,280,Lydda,,Israel,Asia,,,Religious Figure,Religion,Institutions,65,9595520,147623,27.7198
258,171625,Saint James the Great,Male,1,Bethsaida,Galilee,Israel,Asia,32.91,35.631,Religious Figure,Religion,Institutions,66,2597285,39353,27.6646
272,25789,Romulus Augustus,Male,460,Other,,Unknown,,,,Religious Figure,Religion,Institutions,57,2399613,42098,27.6315
281,1006,Aaron,Male,-1400,Other,,Egypt,Africa,,,Religious Figure,Religion,Institutions,59,2819250,47784,27.6021
323,23805,Pope John Paul II,Male,1920,Wadowice,,Poland,Europe,49.88333,19.48333,Religious Figure,Religion,Institutions,110,38369456,348813,27.4423
334,173688,Enoch,Male,-3500,Other,,Unknown,Unknown,,,Religious Figure,Religion,Institutions,36,1150313,31953,27.4143
337,9196752,"James, son of Alphaeus",Male,-1,Galilee,,Israel,Asia,32.76,35.527,Religious Figure,Religion,Institutions,53,678914,12810,27.4029
349,853423,Job,Male,-2300,Other,,Unknown,Unknown,,,Religious Figure,Religion,Institutions,45,1652110,36714,27.368000000000002
350,222788,Ishmael,Male,-3500,Canaan,,Israel,Asia,,,Religious Figure,Religion,Institutions,40,4670474,116762,27.3675
358,4001,Benedict of Nursia,Male,480,Norcia,,Italy,Europe,42.8,13.1,Religious Figure,Religion,Institutions,60,4045453,67424,27.3431
364,16005,Jerome,Male,347,Štrigova,,Croatia,Europe,46.5,16.28333,Religious Figure,Religion,Institutions,57,3470125,60879,27.3243
376,16479,Japheth,Male,-3500,Other,,Unknown,Unknown,,,Religious Figure,Religion,Institutions,38,1325651,34886,27.2905
400,18710,Luke the Evangelist,Male,31,Antakya,,Turkey,Asia,36.2,36.15,Religious Figure,Religion,Institutions,57,2983370,52340,27.2214
406,20314501,Rachel,Female,-3500,Paddan Aram,,Iraq,Asia,,,Religious Figure,Religion,Institutions,36,2962282,82286,27.2099
409,1715,Abu Bakr,Male,573,Mecca,,Saudi Arabia,Asia,21.41667,39.81667,Religious Figure,Religion,Institutions,78,3940269,50516,27.204
435,36768,Pope Gregory I,Male,540,Rome,,Italy,Europe,41.9,12.5,Religious Figure,Religion,Institutions,70,2978839,42555,27.1421
440,54938,Saint Nicholas,Male,270,Patara,,Turkey,Asia,36.266220000000004,29.317220000000002,Religious Figure,Religion,Institutions,68,12656497,186125,27.1252
442,19085400,Saint Joseph,Male,-90,Bethlehem,,Palestine,Asia,31.703059999999997,35.19556,Religious Figure,Religion,Institutions,57,6005078,105352,27.1229
462,39201,Mark the Evangelist,Male,1,Shahhat,,Libya,Africa,32.825,21.858060000000002,Religious Figure,Religion,Institutions,59,2542735,43097,27.0547
471,19445,Maimonides,Male,1135,Córdoba,,Spain,Europe,37.88333,-4.7666699999999995,Religious Figure,Religion,Institutions,57,4272875,74963,27.0357
480,21492554,Anselm of Canterbury,Male,1033,Aosta,,Italy,Europe,45.73333,7.316669999999999,Religious Figure,Religion,Institutions,53,2483911,46866,27.0048
482,350589,Lot,Male,-3500,Other,,Unknown,Unknown,,,Religious Figure,Religion,Institutions,44,1093210,24846,27.0033
485,191497,Sarah,Female,-1500,Other,,Unknown,Unknown,,,Religious Figure,Religion,Institutions,37,3352644,90612,26.9967
487,148000,Samson,Male,-1100,Zorah,,Israel,Asia,,,Religious Figure,Religion,Institutions,38,6162694,162176,26.9947
491,29345,Shem,Male,-3500,Other,,Unknown,Unknown,,,Religious Figure,Religion,Institutions,38,1623581,42726,26.9857
492,13684,Hildegard of Bingen,Female,1098,Bermersheim vor der Höhe,,Germany,Europe,49.681940000000004,8.22361,Religious Figure,Religion,Institutions,60,4978704,82978,26.9835
501,16329,John Chrysostom,Male,347,Antioch,,Turkey,Asia,36.2,36.15,Religious Figure,Religion,Institutions,54,2319229,42949,26.9551
510,28330,Saul the King,Male,-1079,Gibeah,,Jordan,Asia,31.82337,35.23115,Religious Figure,Religion,Institutions,47,3113531,66245,26.9245
516,246921,Levi,Male,-1950,Other,,Unknown,Unknown,,,Religious Figure,Religion,Institutions,34,1474865,43378,26.9195
530,15088,Isaiah,Male,-800,Kingdom of Judah,,Israel,Asia,,,Religious Figure,Religion,Institutions,43,3472589,80758,26.8759
533,1370,Ambrose,Male,337,Trier,,Germany,Europe,49.75,6.63333,Religious Figure,Religion,Institutions,55,2483720,45159,26.8685
551,23368424,Ignatius of Loyola,Male,1491,Azpeitia,,Spain,Europe,43.181940000000004,-2.2652799999999997,Religious Figure,Religion,Institutions,67,5560397,82991,26.8165
568,4552,Bernard of Clairvaux,Male,1090,Fontaine-lès-Dijon,,France,Europe,47.3433,5.0206,Religious Figure,Religion,Institutions,42,2766603,65872,26.7805
578,1573,Albertus Magnus,Male,1193,Lauingen,,Germany,Europe,48.56667,10.43333,Religious Figure,Religion,Institutions,57,2278838,39980,26.7535
580,1177,Aleister Crowley,Male,1875,Royal Leamington Spa,,United Kingdom,Europe,52.292,-1.537,Religious Figure,Religion,Institutions,47,15560425,331073,26.7458
587,8285608,Melchizedek,Male,-3500,Other,,Unknown,Unknown,,,Religious Figure,Religion,Institutions,32,2804742,87648,26.7387
589,49799,Pope Clement I,Male,1,Rome,,Italy,Europe,41.9,12.5,Religious Figure,Religion,Institutions,72,1640457,22784,26.7386
605,171110,Esau,Male,-3500,Canaan,,Israel,Asia,,,Religious Figure,Religion,Institutions,32,2334108,72941,26.7133
613,64935,Bartholomäus,Male,1,Iudaea,,Palestine,Asia,,,Religious Figure,Religion,Institutions,63,2289464,36341,26.6958
617,29161,Saint Cyril,Male,827,Thessaloniki,,Greece,Europe,40.65,22.9,Religious Figure,Religion,Institutions,33,3569207,108158,26.6893
619,39660,Pope Benedict XVI,Male,1927,Marktl,,Germany,Europe,48.25333,12.843060000000001,Religious Figure,Religion,Institutions,123,30549543,248370,26.6853
639,245437,Saint Christopher,Male,200,Canaan,,Israel,Asia,,,Religious Figure,Religion,Institutions,38,4382523,115330,26.6543
643,143102,Saint Anne,Female,-100,Bethlehem,,Palestine,Asia,31.703059999999997,35.19556,Religious Figure,Religion,Institutions,52,2297429,44181,26.6418
644,842854,Saint Jude,Male,1,Galilee,,Israel,Asia,32.76,35.527,Religious Figure,Religion,Institutions,51,4255504,83441,26.6406
660,23791,Pope Alexander VI,Male,1431,Xàtiva,,Spain,Europe,38.99028,-0.5211100000000001,Religious Figure,Religion,Institutions,61,10431672,171011,26.6026
675,3246,Anthony the Great,Male,251,Bani Sweif,,Egypt,Africa,29.085559999999997,30.934440000000002,Religious Figure,Religion,Institutions,50,2816838,56337,26.5717
679,16121,Joshua,Male,-1550,Other,,Egypt,Africa,,,Religious Figure,Religion,Institutions,41,3819284,93153,26.5633
684,243471,Nimrod,Male,-3500,Other,,Unknown,Unknown,,,Religious Figure,Religion,Institutions,38,3573828,94048,26.5561
735,24284,Pope Urban II,Male,1035,Lagery,,France,Europe,49.2103,3.7458,Religious Figure,Religion,Institutions,65,2021722,31103,26.4536
756,24310,Pope Silvester I,Male,300,Rome,,Italy,Europe,41.9,12.5,Religious Figure,Religion,Institutions,66,1078846,16346,26.3998
765,85731,Catherine of Alexandria,Female,287,Alexandria,,Egypt,Africa,31.2,29.91667,Religious Figure,Religion,Institutions,46,2404843,52279,26.3865
767,47944,Joseph of Arimathea,Male,-50,Other,,Unknown,Unknown,,,Religious Figure,Religion,Institutions,30,1813153,60438,26.3826
804,20345,Martin of Tours,Male,316,Savaria,,Hungary,Europe,47.23512,16.62191,Religious Figure,Religion,Institutions,56,2777619,49600,26.3256
821,15414,Irenaeus,Male,130,Smyrna,,Turkey,Asia,38.41861,27.13917,Religious Figure,Religion,Institutions,43,1713077,39839,26.2883
833,31459,Thomas the Apostle,Male,100,Galilee,,Israel,Asia,32.76,35.527,Religious Figure,Religion,Institutions,57,2943946,51648,26.2727
858,147219,Philip the Apostle,Male,1,Bethsaida,Galilee,Israel,Asia,32.91,35.631,Religious Figure,Religion,Institutions,60,1302960,21716,26.2419
867,314682,Simon the Zealot,Male,1,Cana,,Israel,Asia,,,Religious Figure,Religion,Institutions,51,1198478,23500,26.2363
870,37015,Pope Gregory VII,Male,1020,Sovana,,Italy,Europe,42.65,11.65,Religious Figure,Religion,Institutions,55,1829480,33263,26.2296
887,24455,Pope Innocent III,Male,1161,Gavignano,,Italy,Europe,41.7,13.05,Religious Figure,Religion,Institutions,59,1931748,32741,26.2029
889,32168,Ulfilas,Male,310,Other,,Unknown,Unknown,,,Religious Figure,Religion,Institutions,41,481433,11742,26.1988
900,50139,Girolamo Savonarola,Male,1452,Ferrara,,Italy,Europe,44.83333,11.61667,Religious Figure,Religion,Institutions,50,3402073,68041,26.1827
902,24755,Pope Julius II,Male,1443,Albisola Superiore,,Italy,Europe,44.33944,8.52694,Religious Figure,Religion,Institutions,63,3235687,51360,26.1824
941,49453,Seth,Male,-3500,Other,,Unknown,Unknown,,,Religious Figure,Religion,Institutions,40,2197060,54927,26.1374
955,1438,Absalom,Male,-3500,Jerusalem,,Palestine,Asia,31.53333,35.095,Religious Figure,Religion,Institutions,35,1544050,44116,26.1135
972,38938,John the Apostle,Male,6,Galilee,,Israel,Asia,32.91,35.631,Religious Figure,Religion,Institutions,45,3128673,69526,26.0863
975,195259,Marcion of Sinope,Male,85,Sinop,,Turkey,Asia,42.03333,35.15,Religious Figure,Religion,Institutions,37,712336,19252,26.0833
992,24283,Pope Urban I,Male,222,Rome,,Italy,Europe,41.9,12.5,Religious Figure,Religion,Institutions,60,595759,9929,26.0547
994,37870,Pope Leo X,Male,1475,Florence,,Italy,Europe,43.78333,11.25,Religious Figure,Religion,Institutions,57,3143240,55145,26.052
1007,189644,Jacques de Molay,Male,1240,Franche-Comté,,France,Europe,47.7328,5.7419,Religious Figure,Religion,Institutions,33,2015011,61061,26.038
1024,308174,James the Just,Male,-20,Other,,Palestine,Asia,,,Religious Figure,Religion,Institutions,38,1699182,44715,26.017
1033,28354,Samuel,Male,-1100,Other,,Unknown,Unknown,,,Religious Figure,Religion,Institutions,40,1746657,43666,25.9991
1043,37899,Cyprian,Male,200,Tunis,,Tunisia,Africa,36.858059999999995,10.33083,Religious Figure,Religion,Institutions,41,1105601,26966,25.9911
1047,16403,Justin Martyr,Male,100,Nablus,,Palestine,Asia,32.220279999999995,35.278890000000004,Religious Figure,Religion,Institutions,43,1496156,34794,25.9878
1048,24219,Pope Callixtus I,Male,150,Rome,,Italy,Europe,41.9,12.5,Religious Figure,Religion,Institutions,60,651665,10861,25.9859
1076,49186,Pope Anacletus,Male,1,Rome,,Italy,Europe,41.9,12.5,Religious Figure,Religion,Institutions,64,935690,14620,25.9488
1108,75143,Jeremiah,Male,-655,Anathoth,,Israel,Asia,,,Religious Figure,Religion,Institutions,35,3184638,90990,25.9183
1112,33482790,Saint Stephen,Male,1,Other,,Unknown,,,,Religious Figure,Religion,Institutions,52,2817450,54182,25.9149
1114,24244,Pope Gregory XIII,Male,1502,Bologna,,Italy,Europe,44.5075,11.351389999999999,Religious Figure,Religion,Institutions,63,1442387,22895,25.9125
1118,24273,Pope Sixtus I,Male,1,Rome,,Italy,Europe,41.9,12.5,Religious Figure,Religion,Institutions,62,628342,10135,25.9105
1125,38203876,Rebecca,Female,-3500,Other,,Unknown,Unknown,,,Religious Figure,Religion,Institutions,32,1456125,45504,25.906
1128,1735,Ananda,Male,-573,Other,,Unknown,Unknown,,,Religious Figure,Religion,Institutions,34,1048921,30851,25.9022
1182,184794,Joseph,Male,-3500,Canaan,,Israel,Asia,,,Religious Figure,Religion,Institutions,45,578635,12859,25.8317
1184,26232,Ruhollah Khomeini,Male,1902,Khomeyn,,Iran,Asia,33.64222,50.07889,Religious Figure,Religion,Institutions,76,7889327,103807,25.8295
1188,307388,Hagar,Female,-1800,Other,,Egypt,Africa,26.0,30.0,Religious Figure,Religion,Institutions,35,1082625,30932,25.8256
1189,15435,Ignatius of Antioch,Male,100,Other,,Syria,Asia,,,Religious Figure,Religion,Institutions,44,1567903,35634,25.8249
1192,24102,Pope Clement V,Male,1264,Villandraut,,France,Europe,44.4583,-0.3711,Religious Figure,Religion,Institutions,55,1232521,22409,25.8197
1213,24068,Pope Pius I,Male,100,Aquileia,,Italy,Europe,45.769729999999996,13.371189999999999,Religious Figure,Religion,Institutions,61,665935,10917,25.7933
1217,21476709,Clare of Assisi,Female,1194,Assisi,,Italy,Europe,43.075829999999996,12.6175,Religious Figure,Religion,Institutions,43,2371883,55160,25.7845
1232,24274,Pope Sixtus II,Male,200,Greece,,Greece,Europe,39.0,22.0,Religious Figure,Religion,Institutions,58,533523,9199,25.7687
1234,194273,Saint Lawrence,Male,225,Huesca,,Spain,Europe,42.13333,-0.41667,Religious Figure,Religion,Institutions,46,1586425,34488,25.7675
1243,24069,Pope Pius II,Male,1405,Pienza,,Italy,Europe,43.07861,11.678889999999999,Religious Figure,Religion,Institutions,54,1159121,21465,25.7591
1246,46047,Pope Evaristus,Male,1,Bethlehem,,Palestine,Asia,38.30611,31.18917,Religious Figure,Religion,Institutions,66,604130,9153,25.7526
1258,633495,Mani,Male,216,Ctesiphon,,Iraq,Asia,33.09361,44.58056,Religious Figure,Religion,Institutions,37,558669,15099,25.7465
1269,23851,Pope Damasus I,Male,300,Idanha-a-Nova,,Portugal,Europe,39.91667,-7.2333300000000005,Religious Figure,Religion,Institutions,57,720118,12634,25.7369
1275,23808,Pope Pius XII,Male,1876,Rome,,Italy,Europe,41.9,12.5,Religious Figure,Religion,Institutions,76,6888100,90633,25.735
1277,294501,Saint Lucy,Female,283,Syracuse,,Italy,Europe,37.08333,15.28333,Religious Figure,Religion,Institutions,44,2840803,64564,25.7335
1287,681770,Saint Dominic,Male,1170,Caleruega,,Spain,Europe,41.81667,-3.4833300000000005,Religious Figure,Religion,Institutions,45,2682131,59603,25.7274
1288,7471,Catherine of Siena,Female,1347,Siena,,Italy,Europe,43.31861,11.33056,Religious Figure,Religion,Institutions,43,2830704,65830,25.726999999999997
1291,36778,Saint Matthias,Male,1,Judea,,Israel,Asia,31.698890000000002,35.30639,Religious Figure,Religion,Institutions,44,1172996,26659,25.7239
1297,44692,Pope Leo I,Male,400,Tuscany,,Italy,Europe,43.35,11.01667,Religious Figure,Religion,Institutions,63,1183799,18790,25.7207
1299,213302,Tomás de Torquemada,Male,1420,Valladolid,,Spain,Europe,41.63333,-4.71667,Religious Figure,Religion,Institutions,33,2035749,61689,25.7199
1307,28018,Simon Magus,Male,-1,Other,,Unknown,Unknown,,,Religious Figure,Religion,Institutions,29,1170101,40348,25.715
1314,9911,Ezekiel,Male,-622,Jerusalem,,Israel,Asia,31.78333,35.21667,Religious Figure,Religion,Institutions,37,2630881,71105,25.709
1321,23807,Pope John XXIII,Male,1881,Sotto il Monte Giovanni XXIII,,Italy,Europe,45.7,9.5,Religious Figure,Religion,Institutions,78,7976026,102257,25.7051
1331,24218,Pope Gregory IX,Male,1145,Anagni,,Italy,Europe,41.75,13.15,Religious Figure,Religion,Institutions,53,849817,16034,25.6885
1335,24684,Pope Julius I,Male,300,Rome,,Italy,Europe,41.9,12.5,Religious Figure,Religion,Institutions,54,535125,9910,25.6838
1336,30865462,Saint Barbara,Female,250,Nicomedia,,Turkey,Asia,40.76667,29.91667,Religious Figure,Religion,Institutions,39,2652883,68023,25.6838
1355,389504,Caiaphas,Male,18,Other,,Unknown,Unknown,,,Religious Figure,Religion,Institutions,31,1331502,42952,25.6634
1373,20238168,"Tenzin Gyatso, 14th Dalai Lama",Male,1935,Taktser,,China,Asia,36.37808,101.86589000000001,Religious Figure,Religion,Institutions,76,8165642,107443,25.6513
1378,38020,Gregory of Nyssa,Male,335,Niksar,,Turkey,Asia,40.58333,36.96667,Religious Figure,Religion,Institutions,39,694685,17812,25.6504
1392,3587416,Lazarus of Bethany,Male,-30,Other,,Unknown,Unknown,,,Religious Figure,Religion,Institutions,28,2048521,73161,25.631
1397,23958,Pope Marcellus I,Male,250,Other,,Unknown,,41.9,12.5,Religious Figure,Religion,Institutions,55,461571,8392,25.6208
1399,23810,Pope Agapetus I,Male,500,Rome,,Italy,Europe,41.9,12.5,Religious Figure,Religion,Institutions,53,428044,8076,25.6205
1409,47437,Pope Paul III,Male,1468,Canino,,Italy,Europe,42.45,11.75,Religious Figure,Religion,Institutions,56,1863095,33270,25.6064
1412,10957,Francis Xavier,Male,1506,Javier,,Spain,Europe,42.6,-1.2166700000000001,Religious Figure,Religion,Institutions,52,4593596,88338,25.6018
1414,426370,Ham,Male,-3443,Other,,Unknown,Unknown,,,Religious Figure,Religion,Institutions,39,1016102,26054,25.5995
1427,43583,Teresa of Ávila,Female,1515,Gotarrendura,,Spain,Europe,40.81667,-4.7333300000000005,Religious Figure,Religion,Institutions,46,4497047,97762,25.5861
1431,246833,Saint Sebastian,Male,256,Milan,,Italy,Europe,45.46667,9.18333,Religious Figure,Religion,Institutions,46,2528194,54961,25.5847
1439,13602,Huldrych Zwingli,Male,1484,Wildhaus,,Switzerland,Europe,47.2,9.35,Religious Figure,Religion,Institutions,59,1667494,28263,25.5792
1445,29028054,Idris,Male,-3500,Babylon,,Iraq,Asia,32.536390000000004,44.42083,Religious Figure,Religion,Institutions,29,561767,19371,25.5718
1456,24445,Pope Felix I,Male,200,Rome,,Italy,Europe,41.9,12.5,Religious Figure,Religion,Institutions,55,432652,7866,25.5634
1458,24152,Pope Celestine I,Male,350,Rome,,Italy,Europe,41.9,12.5,Religious Figure,Religion,Institutions,55,457473,8318,25.5615
1467,44582,John of the Cross,Male,1542,Fontiveros,,Spain,Europe,40.93333,-4.96667,Religious Figure,Religion,Institutions,40,2485688,62142,25.5568
1475,405128,Saleh,Female,-3500,Thamud,,Yemen,Asia,,,Religious Figure,Religion,Institutions,29,724220,24973,25.5497
1481,24053,Pope Boniface I,Male,350,Other,,Unknown,,,,Religious Figure,Religion,Institutions,54,403328,7469,25.5417
1488,4607,Barnabas,Male,1,Cyprus,,Cyprus,Asia,35.0,33.0,Religious Figure,Religion,Institutions,42,1573862,37473,25.5388
1491,37670,Pope John XXII,Male,1249,Cahors,,France,Europe,44.4483,1.4414,Religious Figure,Religion,Institutions,50,1070856,21417,25.5364
1500,16224,Jonah,Male,-800,Gath-Helper,,Israel,Asia,,,Religious Figure,Religion,Institutions,31,2688127,86714,25.5275
1522,23671899,Elisha,Male,Unknown,Other,,Unknown,Unknown,,,Religious Figure,Religion,Institutions,41,1338790,32653,25.5087
1532,405124,Hud,Male,-3500,ʿĀd,,Yemen,Asia,,,Religious Figure,Religion,Institutions,31,389062,12550,25.5019
1544,23804,Pope Adrian I,Male,700,Rome,,Italy,Europe,41.9,12.5,Religious Figure,Religion,Institutions,53,531083,10020,25.4948
1547,24430,Pope Innocent IV,Male,1195,Genoa,,Italy,Europe,44.41111,8.932780000000001,Religious Figure,Religion,Institutions,52,701087,13482,25.4927
1555,24060,Pope Boniface VIII,Male,1235,Anagni,,Italy,Europe,41.75,13.15,Religious Figure,Religion,Institutions,54,1681854,31145,25.4885
1560,47067,Pope Anicetus,Male,100,Homs,,Syria,Asia,34.73083,36.70944,Religious Figure,Religion,Institutions,60,528124,8802,25.4836
1564,45409,Pope Lucius I,Male,253,Rome,,Italy,Europe,41.9,12.5,Religious Figure,Religion,Institutions,55,417257,7586,25.4792
1580,46056,Pope Telesphorus,Male,100,Terranova da Sibari,,Italy,Europe,39.65,16.33333,Religious Figure,Religion,Institutions,62,498656,8043,25.4547
1588,24056,Pope Boniface IV,Male,550,Valeria,,Italy,Europe,41.0,28.96667,Religious Figure,Religion,Institutions,50,396798,7936,25.4478
1603,49802,Pope Zephyrinus,Male,150,Rome,,Italy,Europe,41.9,12.5,Religious Figure,Religion,Institutions,58,505406,8714,25.4345
1607,59204,Pope Hyginus,Male,100,Athens,,Greece,Europe,37.96667,23.71667,Religious Figure,Religion,Institutions,62,469450,7572,25.432
1609,24423,Pope Innocent I,Male,401,Albano Laziale,,Italy,Europe,41.73333,12.66667,Religious Figure,Religion,Institutions,55,501736,9122,25.429000000000002
1613,89340,Bridget of Sweden,Female,1303,Uppland,,Sweden,Europe,60.0,18.0,Religious Figure,Religion,Institutions,35,1189055,33973,25.4275
1617,24565,Pope Anterus,Male,180,Greece,,Greece,Europe,39.0,22.0,Religious Figure,Religion,Institutions,56,447569,7992,25.4231
1626,24275,Pope Sixtus III,Male,400,Other,,Unknown,,41.9,12.5,Religious Figure,Religion,Institutions,54,391410,7248,25.4184
1636,53339,Pope Eutychian,Male,200,Other,,Unknown,,,,Religious Figure,Religion,Institutions,53,391484,7386,25.4144
1656,50614,Pope Leo XIII,Male,1810,Carpineto Romano,,Italy,Europe,41.6,13.08333,Religious Figure,Religion,Institutions,67,3234869,48282,25.4017
1662,17181248,Daniel,Male,-623,Jerusalem,,Israel,Asia,31.78333,35.21667,Religious Figure,Religion,Institutions,48,3214677,66972,25.3952
1665,49302,Pope Eleuterus,Male,100,Nicopolis,,Greece,Europe,39.00833,20.733610000000002,Religious Figure,Religion,Institutions,60,440795,7347,25.3933
1680,294492,Miriam,Female,-3500,Other,,Egypt,Africa,,,Religious Figure,Religion,Institutions,30,1349601,44987,25.3835
1682,54161,Pope Pius IX,Male,1792,Senigallia,,Italy,Europe,43.71667,13.21667,Religious Figure,Religion,Institutions,66,3898969,59075,25.3812
1705,23854,Pope Honorius III,Male,1148,Rome,,Italy,Europe,41.9,12.5,Religious Figure,Religion,Institutions,53,611841,11544,25.3635
1706,24308,Pope Urban VIII,Male,1568,Florence,,Italy,Europe,43.78333,11.25,Religious Figure,Religion,Institutions,59,1214045,20577,25.3635
1708,43248,Pope Soter,Male,120,Fondi,,Italy,Europe,41.35,13.416670000000002,Religious Figure,Religion,Institutions,58,429904,7412,25.3628
1710,557462,Agatha of Sicily,Female,231,Catania,,Italy,Europe,37.5,15.090279999999998,Religious Figure,Religion,Institutions,37,1503555,40637,25.3613
1712,24074,Pope Pius V,Male,1504,Bosco Marengo,,Italy,Europe,44.81667,8.66667,Religious Figure,Religion,Institutions,56,1267586,22635,25.3584
1719,24055,Pope Boniface III,Male,550,Rome,,Italy,Europe,41.9,12.5,Religious Figure,Religion,Institutions,53,359058,6775,25.3527
1720,10358,Ephrem the Syrian,Male,306,Nisibis,,Turkey,Asia,37.07533,41.21569,Religious Figure,Religion,Institutions,40,597766,14944,25.3526
1737,489007,Hassan-i-Sabah,Male,1034,Qom,,Iran,Asia,34.64,50.87639,Religious Figure,Religion,Institutions,28,2619414,93551,25.3372
1770,24057,Pope Boniface V,Male,550,Naples,,Italy,Europe,40.845,14.258329999999999,Religious Figure,Religion,Institutions,51,326661,6405,25.3073
1791,402587,Husayn ibn Ali,Male,626,Medina,,Saudi Arabia,Asia,24.46667,39.6,Religious Figure,Religion,Institutions,44,2444245,55551,25.2914
1794,24272,Pope Siricius,Male,334,Other,,Unknown,,41.9,12.5,Religious Figure,Religion,Institutions,53,396727,7485,25.2883
1800,24010,Pope Benedict III,Male,800,Rome,,Italy,Europe,41.9,12.5,Religious Figure,Religion,Institutions,50,482882,9658,25.2822
1805,24008,Pope Benedict I,Male,500,Other,,Unknown,,,,Religious Figure,Religion,Institutions,54,459662,8512,25.2714
1811,2345746,John Bosco,Male,1815,Castelnuovo Don Bosco,Piedmont,Italy,Europe,45.03333,7.96667,Religious Figure,Religion,Institutions,51,4216585,82678,25.2628
1814,472292,Dionysius the Areopagite,Male,1,Other,,Unknown,Unknown,,,Religious Figure,Religion,Institutions,26,565017,21731,25.2594
1815,24054,Pope Boniface II,Male,470,Rome,GA,United States,Europe,34.26,-85.185,Religious Figure,Religion,Institutions,53,377080,7115,25.2589
1816,24688,Pope Eugene III,Male,1080,Pisa,,Italy,Europe,43.71667,10.4,Religious Figure,Religion,Institutions,51,488306,9575,25.2587
1821,147858,Pope Pius XI,Male,1857,Desio,,Italy,Europe,45.61667,9.21667,Religious Figure,Religion,Institutions,72,3385738,47024,25.2569
1823,24028,Pope Paul VI,Male,1897,Concesio,,Italy,Europe,45.6,10.21667,Religious Figure,Religion,Institutions,75,6463253,86177,25.2567
1840,24297,Pope Urban V,Male,1310,Languedoc,,France,Europe,,,Religious Figure,Religion,Institutions,54,606321,11228,25.244
1847,23825,Pope Adrian II,Male,792,Rome,,Italy,Europe,41.9,12.5,Religious Figure,Religion,Institutions,47,394318,8390,25.2397
1848,24027,Pope John Paul I,Male,1912,Canale d'Agordo,,Italy,Europe,46.35,11.91667,Religious Figure,Religion,Institutions,80,9521951,119024,25.2397
1855,24845,Pope Sixtus IV,Male,1414,Celle Ligure,,Italy,Europe,44.35,8.55,Religious Figure,Religion,Institutions,52,1428508,27471,25.2344
1873,23803,Pope Leo III,Male,750,Rome,,Italy,Europe,41.9,12.5,Religious Figure,Religion,Institutions,60,648230,10804,25.214000000000002
1876,63028,Pope Pelagius II,Male,520,Rome,,Italy,Europe,41.9,12.5,Religious Figure,Religion,Institutions,50,340656,6813,25.2127
1883,24428,Pope Innocent II,Male,1100,Rome,,Italy,Europe,41.9,12.5,Religious Figure,Religion,Institutions,49,526583,10747,25.205
1885,922446,Reuben,Male,-2000,Other,,Unknown,Unknown,,,Religious Figure,Religion,Institutions,26,418789,16107,25.2039
1895,8161655,Saint Patrick,Male,390,Other,,United Kingdom,Europe,51.7724,-3.6608,Religious Figure,Religion,Institutions,51,9431194,184925,25.1969
1901,69150,Terah,Male,-1000,Other,,Unknown,,,,Religious Figure,Religion,Institutions,29,591223,20387,25.1915
1906,419077,Abu Hanifa an-Nu'man,Male,699,Kufa,,Iraq,Asia,32.03333,44.4,Religious Figure,Religion,Institutions,36,1676487,46569,25.1894
1915,39209,Philipp Melanchthon,Male,1497,Bretten,,Germany,Europe,49.036390000000004,8.70611,Religious Figure,Religion,Institutions,46,1102539,23968,25.1857
1929,24014,Pope Benedict VIII,Male,980,Rome,,Italy,Europe,41.9,12.5,Religious Figure,Religion,Institutions,52,433173,8330,25.1737
1932,24220,Pope Callixtus II,Male,1065,Quingey,,France,Europe,47.1042,5.8836,Religious Figure,Religion,Institutions,49,482228,9841,25.1734
1934,63014,Pope Felix IV,Male,480,Samnium,,Italy,Europe,,,Religious Figure,Religion,Institutions,53,349733,6599,25.1709
1941,24643,Pope Innocent VIII,Male,1432,Genoa,,Italy,Europe,44.41111,8.932780000000001,Religious Figure,Religion,Institutions,52,1285215,24716,25.1621
1945,419563,Hasan ibn Ali,Male,625,Medina,,Saudi Arabia,Asia,24.46667,39.6,Religious Figure,Religion,Institutions,43,1690370,39311,25.1597
1948,23831,Pope Adrian VI,Male,1459,Utrecht,,Netherlands,Europe,52.08333,5.11667,Religious Figure,Religion,Institutions,54,1566514,29010,25.1582
1951,63022,Pope Pelagius I,Male,556,Rome,,Italy,Europe,41.9,12.5,Religious Figure,Religion,Institutions,50,331936,6639,25.1547
1956,23852,Pope Honorius I,Male,580,Campania,,Italy,Europe,40.75,14.78333,Religious Figure,Religion,Institutions,50,412236,8245,25.1483
1969,45336,Pope Paschal I,Male,780,Rome,,Italy,Europe,41.9,12.5,Religious Figure,Religion,Institutions,52,356545,6857,25.1423
1986,59205,Pope Pius X,Male,1835,Riese Pio X,,Italy,Europe,45.727779999999996,11.91667,Religious Figure,Religion,Institutions,67,3172891,47357,25.1351
1991,430239,Muhammad al-Mahdi,Male,868,Samarra,,Iraq,Asia,34.19833,43.87417,Religious Figure,Religion,Institutions,26,1819996,70000,25.131999999999998
1993,69246,Pope Pius VII,Male,1742,Cesena,,Italy,Europe,44.13333,12.23333,Religious Figure,Religion,Institutions,62,1564788,25239,25.1316
1997,89889,Vitus,Male,290,Sicily,,Italy,Europe,37.5,14.0,Religious Figure,Religion,Institutions,32,755690,23615,25.1295
2004,23933,Pope Martin I,Male,600,Genazzano ,,Italy,Europe,42.78333,12.41667,Religious Figure,Religion,Institutions,50,397844,7957,25.1265
2009,23746,Paul the Deacon,Male,720,Friuli,,Italy,Europe,46.16667,13.0,Religious Figure,Religion,Institutions,32,372756,11649,25.1221
2014,24221,Pope Callixtus III,Male,1378,La Torreta,,Spain,Europe,38.96111,-0.585,Religious Figure,Religion,Institutions,53,1043478,19688,25.1178
2017,24645,Pope Innocent X,Male,1574,Rome,,Italy,Europe,41.9,12.5,Religious Figure,Religion,Institutions,61,1092590,17911,25.1166
2018,23836,Pope Anastasius I,Male,350,Rome,,Italy,Europe,41.9,12.5,Religious Figure,Religion,Institutions,55,337054,6128,25.1156
2025,24072,Pope Pius IV,Male,1499,Milan,,Italy,Europe,45.46667,9.18333,Religious Figure,Religion,Institutions,52,866673,16667,25.1078
2028,24195,Pope Gregory IV,Male,827,Rome,,Italy,Europe,41.9,12.5,Religious Figure,Religion,Institutions,51,354649,6954,25.1066
2033,439561,Pope Adeodatus II,Male,600,Rome,,Italy,Europe,41.9,12.5,Religious Figure,Religion,Institutions,50,314842,6297,25.1039
2035,51301,Pope Pontian,Male,200,Other,,Unknown,,,,Religious Figure,Religion,Institutions,55,571977,10400,25.1029
2043,555211,John of Nepomuk,Male,1345,Nepomuk,,Czech Republic,Europe,49.48583,13.582220000000001,Religious Figure,Religion,Institutions,32,970276,30321,25.096
2051,45340,Pope Paschal II,Male,1050,Santa Sofia,,Italy,Europe,43.95,11.9,Religious Figure,Religion,Institutions,46,495752,10777,25.0929
2052,24009,Pope Benedict II,Male,635,Rome,,Italy,Europe,41.9,12.5,Religious Figure,Religion,Institutions,53,348590,6577,25.0926
2057,24119,Pope Clement VII,Male,1478,Florence,,Italy,Europe,43.78333,11.25,Religious Figure,Religion,Institutions,61,1510337,24760,25.0908
2062,194385,Margaret the Virgin,Female,289,Pisidia,,Turkey,Asia,,,Religious Figure,Religion,Institutions,29,522441,18015,25.0864
2063,44886,Pope Sixtus V,Male,1520,Grottammare,,Italy,Europe,42.98972,13.865829999999999,Religious Figure,Religion,Institutions,54,1112238,20597,25.0862
2071,266088,Jesse,Male,-1000,Bethlehem,,Palestine,Asia,,,Religious Figure,Religion,Institutions,29,1265279,43630,25.0791
2072,24686,Pope Eugene I,Male,654,Rome,,Italy,Europe,41.9,12.5,Religious Figure,Religion,Institutions,49,321975,6571,25.0782
2075,23826,Pope Adrian III,Male,800,Rome,,Italy,Europe,41.9,12.5,Religious Figure,Religion,Institutions,49,352918,7202,25.0763
2078,24073,Pope Pius III,Male,1439,Siena,,Italy,Europe,43.31861,11.33056,Religious Figure,Religion,Institutions,55,1282895,23325,25.0747
2080,53336,Pope Cornelius,Male,200,Other,,Unknown,,41.9,12.5,Religious Figure,Religion,Institutions,55,472478,8591,25.0741
2091,332593,Leah,Female,-1000,Other,,Unknown,Unknown,,,Religious Figure,Religion,Institutions,27,1407248,52120,25.0696
2103,488919,Barabbas,Male,1,Jerusalem,,Israel,Asia,31.78333,35.21667,Religious Figure,Religion,Institutions,26,2151234,82740,25.0553
2107,23789,Pope Alexander VII,Male,1599,Siena,,Italy,Europe,43.31861,11.33056,Religious Figure,Religion,Institutions,59,909568,15416,25.0543
2118,28172,Saint Boniface,Male,672,Crediton,,United Kingdom,Europe,50.7924,-3.6514,Religious Figure,Religion,Institutions,33,1116028,33819,25.0438
2121,24103,Pope Clement VI,Male,1291,Rosiers-d'Égletons,,France,Europe,45.376999999999995,2.0069999999999997,Religious Figure,Religion,Institutions,48,706389,14716,25.0398
2124,54151,Pope Liberius,Male,300,Other,,Unknown,,41.9,12.5,Religious Figure,Religion,Institutions,56,481441,8597,25.0386
2129,320349,Pio of Pietrelcina,Male,1887,Pietrelcina,,Italy,Europe,41.2,14.85,Religious Figure,Religion,Institutions,38,4837919,127314,25.035999999999998
2131,63021,Pope Vigilius,Male,500,Rome,,Italy,Europe,41.9,12.5,Religious Figure,Religion,Institutions,50,354182,7084,25.0325
2139,24154,Pope Celestine III,Male,1106,Rome,,Italy,Europe,41.9,12.5,Religious Figure,Religion,Institutions,51,463978,9098,25.0231
2141,53050,Pope Paul IV,Male,1476,Capriglia Irpina,,Italy,Europe,40.96139,14.77806,Religious Figure,Religion,Institutions,54,899220,16652,25.0218
2146,53358,Pope Marcellinus,Male,250,Rome,,Italy,Europe,41.9,12.5,Religious Figure,Religion,Institutions,53,412367,7781,25.0203
2152,62951,Pope Adeodatus I,Male,550,Rome,,Italy,Europe,41.9,12.5,Religious Figure,Religion,Institutions,50,364323,7286,25.0162
2173,24384,Pope Victor III,Male,1026,Benevento,,Italy,Europe,41.13333,14.78333,Religious Figure,Religion,Institutions,49,415238,8474,25.0022
2177,43407,Thomas à Kempis,Male,1380,Kempen,,Germany,Europe,51.365829999999995,6.41944,Religious Figure,Religion,Institutions,32,911083,28471,25.0007
2178,24018,Pope Benedict XII,Male,1280,Saverdun,,France,Europe,43.2356,1.5753,Religious Figure,Religion,Institutions,48,620198,12921,25.0007
2193,180289,Saint Valentine,Male,200,Terni,,Italy,Europe,42.56667,12.65,Religious Figure,Religion,Institutions,41,6686256,163079,24.9911
2194,63010,Pope Hormisdas,Male,450,Frosinone,,Italy,Europe,41.63333,13.35,Religious Figure,Religion,Institutions,54,385709,7143,24.9903
2203,24382,Pope Victor I,Male,100,Leptis Magna,,Libya,Africa,31.8,12.74,Religious Figure,Religion,Institutions,58,844854,14566,24.9849
2205,9839,Ezra,Male,-480,Babylon,,Iraq,Asia,32.536390000000004,44.42083,Religious Figure,Religion,Institutions,35,1459168,41691,24.9846
2216,24099,Pope Clement II,Male,1005,Hornburg,,Germany,Europe,52.01667,10.61667,Religious Figure,Religion,Institutions,46,393880,8563,24.9784
2229,23761,Pope Linus,Male,1,Volterra,,Italy,Europe,43.4,10.86667,Religious Figure,Religion,Institutions,67,1010209,15078,24.9713
2234,24286,Pope Urban IV,Male,1195,Troyes,,France,Europe,48.2997,4.0792,Religious Figure,Religion,Institutions,49,486938,9938,24.9638
2270,24687,Pope Eugene II,Male,824,Rome,,Italy,Europe,41.9,12.5,Religious Figure,Religion,Institutions,49,304965,6224,24.9326
2287,439567,Pope Donus,Male,600,Rome,,Italy,Europe,41.9,12.5,Religious Figure,Religion,Institutions,47,341091,7257,24.9227
2288,724911,Hippolytus,Male,170,Rome,,Italy,Europe,41.9,12.5,Religious Figure,Religion,Institutions,36,683741,18993,24.9218
2301,45403,Pope Lucius III,Male,1100,Lucca,,Italy,Europe,43.85,10.5,Religious Figure,Religion,Institutions,46,412277,8963,24.9082
2303,27904,Saint Agnes,Female,291,Rome,,Italy,Europe,41.9,12.5,Religious Figure,Religion,Institutions,34,1085844,31937,24.906
2308,24198,Pope Gregory VIII,Male,1100,Benevento,,Italy,Europe,41.13333,14.78333,Religious Figure,Religion,Institutions,51,413181,8102,24.9029
2310,147855,Pope Benedict XV,Male,1854,Genoa,,Italy,Europe,44.41111,8.932780000000001,Religious Figure,Religion,Institutions,71,2697383,37991,24.9028
2312,49069,Pope Eugene IV,Male,1383,Venice,,Italy,Europe,45.4375,12.33583,Religious Figure,Religion,Institutions,51,677138,13277,24.9015
2318,262185,Muhammad al-Bukhari,Male,810,Bukhara,,Uzbekistan,Asia,39.76667,64.43333,Religious Figure,Religion,Institutions,32,1290712,40335,24.8969
2330,51929,Pope Fabian,Male,200,Rome,,Italy,Europe,,,Religious Figure,Religion,Institutions,57,506090,8879,24.8883
2336,77816,Pope Vitalian,Male,600,Segni,,Italy,Europe,41.68333,13.01667,Religious Figure,Religion,Institutions,46,327516,7120,24.8873
2338,37190,Thomas Becket,Male,1118,London,,United Kingdom,Europe,51.5141,-0.0937,Religious Figure,Religion,Institutions,38,4221199,111084,24.8866
2342,24017,Pope Benedict XI,Male,1240,Treviso,,Italy,Europe,45.66667,12.25,Religious Figure,Religion,Institutions,49,570762,11648,24.8836
2343,63006,Pope Felix III,Male,400,Rome,,Italy,Europe,41.9,12.5,Religious Figure,Religion,Institutions,50,352103,7042,24.883000000000003
2350,236750,Mahavira,Male,-599,Vaishali,,India,Asia,25.99,85.13,Religious Figure,Religion,Institutions,47,1564270,33282,24.8799
2351,23794,Pope Alexander I,Male,50,Rome,,Italy,Europe,41.9,12.5,Religious Figure,Religion,Institutions,64,480076,7501,24.8791
2353,246845,Denis,Male,200,Other,,Italy,Europe,41.9,12.5,Religious Figure,Religion,Institutions,31,985677,31796,24.8784
2359,52731,Pope Paul V,Male,1552,Rome,,Italy,Europe,41.9,12.5,Religious Figure,Religion,Institutions,54,886471,16416,24.873
2363,137473,Maximus the Confessor,Male,580,Istanbul,,Turkey,Asia,41.012240000000006,28.976020000000002,Religious Figure,Religion,Institutions,34,460701,13550,24.8703
2375,24650,Pope Innocent XI,Male,1611,Como,,Italy,Europe,45.81667,9.08333,Religious Figure,Religion,Institutions,58,863847,14894,24.8658
2379,24593,Pope Formosus,Male,816,Ostia Antica,,Italy,Europe,41.755829999999996,12.29167,Religious Figure,Religion,Institutions,50,848068,16961,24.8641
2380,84199,Dietrich Bonhoeffer,Male,1906,Wrocław,,Poland,Europe,51.1,17.03333,Religious Figure,Religion,Institutions,41,4778946,116560,24.8633
2387,44993,Pope Nicholas V,Male,1397,Sarzana,,Italy,Europe,44.11667,9.96667,Religious Figure,Religion,Institutions,54,772026,14297,24.8571
2393,372477,Saint Florian,Male,250,Austria,,Austria,Europe,48.2,16.35,Religious Figure,Religion,Institutions,27,844813,31289,24.8533
2400,2108,Adalbert of Prague,Male,956,Libice nad Cidlinou,,Czech Republic,Europe,50.12778,15.180279999999998,Religious Figure,Religion,Institutions,31,1637769,52831,24.8465
2408,414393,Elisabeth of Hungary,Female,1207,Sárospatak,,Slovakia,Europe,48.31897,21.56636,Religious Figure,Religion,Institutions,32,1369523,42798,24.8393
2413,24013,Pope Benedict VII,Male,900,Rome,,Italy,Europe,41.9,12.5,Religious Figure,Religion,Institutions,46,349385,7595,24.8375
2425,23827,Pope Agapetus II,Male,900,Rome,,Italy,Europe,41.9,12.5,Religious Figure,Religion,Institutions,47,332901,7083,24.8286
2432,24100,Pope Clement III,Male,1130,Rome,,Italy,Europe,41.9,12.5,Religious Figure,Religion,Institutions,51,391308,7673,24.8225
2443,24685,Pope Julius III,Male,1487,Rome,,Italy,Europe,41.9,12.5,Religious Figure,Religion,Institutions,49,907168,18514,24.8151
2456,23835,Pope Anastasius II,Male,450,Rome,,Italy,Europe,41.9,12.5,Religious Figure,Religion,Institutions,55,427385,7771,24.8085
2457,24285,Pope Urban III,Male,1150,Cuggiono,,Italy,Europe,45.5,8.81667,Religious Figure,Religion,Institutions,49,404234,8250,24.8078
2468,24473,Pope Innocent VI,Male,1282,Beyssac,,France,Europe,45.365,1.402,Religious Figure,Religion,Institutions,49,495528,10113,24.8028
2472,173632,Belshazzar,Male,-600,Other,,Unknown,Unknown,,,Religious Figure,Religion,Institutions,32,726124,22691,24.8
2484,24341,Pope Sergius I,Male,650,Palermo,,Italy,Europe,38.11667,13.366670000000001,Religious Figure,Religion,Institutions,49,343715,7015,24.7942
2503,23937,Pope Martin V,Male,1368,Genazzano,,Italy,Europe,41.83333,12.96667,Religious Figure,Religion,Institutions,49,827091,16879,24.7826
2506,53340,Pope Caius,Male,250,Roman Dalmatia,,Croatia,Europe,,,Religious Figure,Religion,Institutions,53,326893,6168,24.7796
2510,45400,Pope Pius VI,Male,1717,Cesena,,Italy,Europe,44.13333,12.23333,Religious Figure,Religion,Institutions,60,1284840,21414,24.7782
2527,24227,Pope Gregory XI,Male,1336,Maumont,,France,Europe,45.376999999999995,2.0069999999999997,Religious Figure,Religion,Institutions,48,675533,14074,24.7681
2535,600697,Saint Cecilia,Female,101,Rome,,Italy,Europe,41.9,12.5,Religious Figure,Religion,Institutions,29,2685470,92602,24.7645
2542,24020,Pope Benedict XIV,Male,1675,Bologna,,Italy,Europe,44.5075,11.351389999999999,Religious Figure,Religion,Institutions,59,1053284,17852,24.7623
2548,9902,Esther,Female,-1000,Susa,,Iran,Asia,32.19056,48.25778,Religious Figure,Religion,Institutions,29,2951867,101789,24.7613
2556,24383,Pope Victor II,Male,1018,Bavaria,,Germany,Europe,48.7775,11.43111,Religious Figure,Religion,Institutions,46,400864,8714,24.7575
2561,24309,Pope Silverius,Male,536,Frosinone,,Italy,Europe,41.63333,13.35,Religious Figure,Religion,Institutions,52,410741,7899,24.7561
2575,63005,Pope Simplicius,Male,400,Tivoli,,Italy,Europe,41.96667,12.8,Religious Figure,Religion,Institutions,52,295091,5675,24.7476
2576,189688,Hughes de Payens,Male,1070,Troyes,,France,Europe,48.2997,4.0792,Religious Figure,Religion,Institutions,27,583452,21609,24.7469
2578,1407041,Amos,Male,-800,Tekoa,,Palestine,Asia,,,Religious Figure,Religion,Institutions,29,215127,7418,24.7461
2580,23834,Pope Anastasius IV,Male,1073,Rome,,Italy,Europe,41.9,12.5,Religious Figure,Religion,Institutions,47,357597,7608,24.7448
2586,24101,Pope Clement IV,Male,1195,Saint-Gilles,,France,Europe,43.6786,4.4317,Religious Figure,Religion,Institutions,47,486489,10351,24.7409
2591,23956,Pope Marinus I,Male,830,Gallese,,Italy,Europe,42.37444,12.39972,Religious Figure,Religion,Institutions,48,318245,6630,24.7371
2595,37869,Pope Leo XI,Male,1535,Florence,,Italy,Europe,43.78333,11.25,Religious Figure,Religion,Institutions,54,807375,14951,24.7357
2602,26555,Rashi,Male,1040,Troyes,,France,Europe,48.2997,4.0792,Religious Figure,Religion,Institutions,28,1282804,45814,24.7336
2609,24229,Pope Gregory XV,Male,1554,Bologna,,Italy,Europe,44.5075,11.351389999999999,Religious Figure,Religion,Institutions,55,698045,12692,24.7296
2614,37667,Pope Leo VII,Male,880,Rome,,Italy,Europe,41.9,12.5,Religious Figure,Religion,Institutions,44,317582,7218,24.7279
2651,45381,Pope Gelasius II,Male,1060,Gaeta,,Italy,Europe,41.21667,13.566670000000002,Religious Figure,Religion,Institutions,45,382865,8508,24.7041
2658,23828,Pope Adrian IV,Male,1100,Abbots Langley,,United Kingdom,Europe,51.701,-0.41600000000000004,Religious Figure,Religion,Institutions,55,808758,14705,24.6996
2659,338256,Thérèse de Lisieux,Female,1873,Alençon,,France,Europe,48.4306,0.0931,Religious Figure,Religion,Institutions,45,3415050,75890,24.6996
2660,23957,Pope Marinus II,Male,932,Rome,,Italy,Europe,41.9,12.5,Religious Figure,Religion,Institutions,48,295393,6154,24.6995
2662,24347,Pope Sergius IV,Male,950,Rome,,Italy,Europe,41.9,12.5,Religious Figure,Religion,Institutions,44,341862,7770,24.6985
2667,55641,Pope Sabinian,Male,550,Blera,,Italy,Europe,42.27333,12.0325,Religious Figure,Religion,Institutions,50,273209,5464,24.6959
2671,24311,Pope Silvester III,Male,1000,Rome,,Italy,Europe,41.9,12.5,Religious Figure,Religion,Institutions,46,303751,6603,24.693
2674,24061,Pope Boniface IX,Male,1356,Naples,,Italy,Europe,40.845,14.258329999999999,Religious Figure,Religion,Institutions,50,529408,10588,24.6908
2676,59207,Pope Gelasius I,Male,400,Rome,,Italy,Europe,41.9,12.5,Religious Figure,Religion,Institutions,52,878191,16888,24.6902
2678,24343,Pope Sergius III,Male,860,Rome,,Italy,Europe,41.9,12.5,Religious Figure,Religion,Institutions,49,568704,11606,24.6893
2681,24193,Pope Gregory II,Male,669,Rome,,Italy,Europe,41.9,12.5,Religious Figure,Religion,Institutions,50,342891,6858,24.6879
2692,24124,Pope Clement XI,Male,1649,Urbino,,Italy,Europe,43.71667,12.63333,Religious Figure,Religion,Institutions,57,826932,14508,24.6842
2694,37185,Pope Leo VIII,Male,900,Rome,,Italy,Europe,41.9,12.5,Religious Figure,Religion,Institutions,46,410269,8919,24.6829
2702,454456,Saint Blaise,Male,250,Sivas,,Turkey,Asia,39.75,37.01667,Religious Figure,Religion,Institutions,38,1177485,30986,24.6758
2706,410201,Pope John VIII,Male,800,Rome,,Italy,Europe,41.9,12.5,Religious Figure,Religion,Institutions,49,473924,9672,24.6741
2712,421864,Pope Benedict IV,Male,850,Rome,,Italy,Europe,41.9,12.5,Religious Figure,Religion,Institutions,45,348200,7738,24.6727
2717,447303,Arpachshad,Male,-1000,Other,,Unknown,Unknown,,,Religious Figure,Religion,Institutions,27,264018,9778,24.6695
2721,23853,Pope Honorius II,Male,1080,Papal States,,Italy,Europe,42.82111,12.602780000000001,Religious Figure,Religion,Institutions,47,350388,7455,24.666
2734,46079,Pope Lucius II,Male,1100,Bologna,,Italy,Europe,44.5075,11.351389999999999,Religious Figure,Religion,Institutions,49,344115,7023,24.6586
2741,24120,Pope Clement VIII,Male,1536,Fano,,Italy,Europe,43.83333,13.01667,Religious Figure,Religion,Institutions,49,832205,16984,24.6518
2743,240951,Bernadette Soubirous,Female,1844,Lourdes,,France,Europe,43.1,-0.05,Religious Figure,Religion,Institutions,34,3712333,109186,24.6503
2748,67385,Pope Damasus II,Male,1000,Duchy of Bavaria,,Germany,Europe,,,Religious Figure,Religion,Institutions,47,423893,9019,24.6463
2768,24011,Pope Benedict V,Male,900,Rome,,Italy,Europe,41.9,12.5,Religious Figure,Religion,Institutions,50,434244,8685,24.6276
2793,24592,Pope Theodore II,Male,840,Rome,,Italy,Asia,41.9,12.5,Religious Figure,Religion,Institutions,48,268364,5591,24.6156
2802,363875,Pope John XVII,Male,950,Rapagnano,,Italy,Europe,43.16667,13.6,Religious Figure,Religion,Institutions,44,335360,7622,24.6129
2805,23833,Pope Anastasius III,Male,850,Rome,,Italy,Europe,41.9,12.5,Religious Figure,Religion,Institutions,50,299989,6000,24.6115
2828,85301,Pope Nicholas I,Male,820,Rome,,Italy,Europe,41.9,12.5,Religious Figure,Religion,Institutions,51,384737,7544,24.5937
2830,24058,Pope Boniface VI,Male,800,Rome,,Italy,Europe,41.9,12.5,Religious Figure,Religion,Institutions,48,463635,9659,24.5931
2832,24146,Pope Clement XII,Male,1652,Florence,,Italy,Europe,43.78333,11.25,Religious Figure,Religion,Institutions,56,836187,14932,24.5901
2845,24302,Pope Urban VI,Male,1318,Naples,,Italy,Europe,40.845,14.258329999999999,Religious Figure,Religion,Institutions,48,727208,15150,24.5849
2847,24199,Pope Gregory X,Male,1210,Piacenza,,Italy,Europe,45.047779999999996,9.700560000000001,Religious Figure,Religion,Institutions,51,570274,11182,24.5844
2863,740416,Monica of Hippo,Female,331,Souk Ahras,,Algeria,Africa,36.286390000000004,7.951110000000001,Religious Figure,Religion,Institutions,28,941848,33637,24.5748
2871,363877,Pope John XVIII,Male,950,Rapagnano,,Italy,Europe,43.16667,13.6,Religious Figure,Religion,Institutions,46,349360,7595,24.5708
2883,23790,Pope Alexander VIII,Male,1610,Venice,,Italy,Europe,45.4375,12.33583,Religious Figure,Religion,Institutions,57,691559,12133,24.5647
2894,7575977,Matteo Ricci,Male,1552,Macerata,,Italy,Europe,43.3,13.45,Religious Figure,Religion,Institutions,35,1208850,34539,24.5586
2897,2141084,Bilal ibn Ribah,Male,580,Mecca,,Saudi Arabia,Asia,21.41667,39.81667,Religious Figure,Religion,Institutions,29,923839,31857,24.5578
2899,239810,Pope John XIX,Male,950,Rome,,Italy,Europe,41.9,12.5,Religious Figure,Religion,Institutions,46,367951,7999,24.5576
2903,98568,Pope John XIII,Male,930,Rome,,Italy,Europe,41.9,12.5,Religious Figure,Religion,Institutions,46,342413,7444,24.5564
2929,63001,Pope Mark,Male,270,Rome,,Italy,Europe,41.9,12.5,Religious Figure,Religion,Institutions,55,346764,6305,24.5419
2934,363836,Pope John XV,Male,974,Rome,,Italy,Europe,41.9,12.5,Religious Figure,Religion,Institutions,42,342149,8146,24.5393
2940,23830,Pope John XXI,Male,1215,Lisbon,,Portugal,Europe,38.71389,-9.139439999999999,Religious Figure,Religion,Institutions,48,656265,13672,24.5351
2942,24342,Pope Sergius II,Male,800,Rome,,Italy,Europe,41.9,12.5,Religious Figure,Religion,Institutions,44,356662,8106,24.5341
2951,24666,Pope Innocent XII,Male,1615,Spinazzola,,Italy,Europe,40.96667,16.08333,Religious Figure,Religion,Institutions,55,695630,12648,24.5299
2954,24122,Pope Clement IX,Male,1600,Pistoia,,Italy,Europe,43.93333,10.91667,Religious Figure,Religion,Institutions,53,626473,11820,24.5286
2969,24429,Pope Zosimus,Male,370,Mesoraca,Calabria,Italy,Europe,39.08194,16.7875,Religious Figure,Religion,Institutions,53,292179,5513,24.5217
2972,23959,Pope Marcellus II,Male,1501,Montefano,,Italy,Europe,43.41667,13.433329999999998,Religious Figure,Religion,Institutions,51,771365,15125,24.5203
2974,28361679,Bahá'u'lláh,Male,1817,Tehran,,Iran,Asia,35.69611,51.42306,Religious Figure,Religion,Institutions,60,1725891,28765,24.5198
2981,1539420,Francis de Sales,Male,1567,Savoy,,France,Europe,45.994440000000004,6.25833,Religious Figure,Religion,Institutions,37,1430826,38671,24.5167
2982,23936,Pope Martin IV,Male,1210,Touraine,,France,Europe,47.4,0.68333,Religious Figure,Religion,Institutions,46,417917,9085,24.5157
2993,1829188,Roch,Male,1295,Montpellier,,France,Europe,43.6119,3.8772,Religious Figure,Religion,Institutions,33,1094128,33155,24.5098
2994,2877,Augustine of Canterbury,Male,630,Rome,,Italy,Europe,41.9,12.5,Religious Figure,Religion,Institutions,36,941144,26143,24.5097
3005,24012,Pope Benedict VI,Male,900,Rome,,Italy,Europe,41.9,12.5,Religious Figure,Religion,Institutions,46,381299,8289,24.5059
3027,24434,Pope Innocent V,Male,1225,Savoy,,France,Europe,,,Religious Figure,Religion,Institutions,48,418247,8713,24.493000000000002
3058,562802,Carlo Borromeo,Male,1538,Arona,,Italy,Europe,45.75,8.55,Religious Figure,Religion,Institutions,35,1140928,32598,24.4735
3081,59298,Pope Gregory XVI,Male,1765,Belluno,,Italy,Europe,46.14028,12.21667,Religious Figure,Religion,Institutions,60,1345169,22419,24.4638
3096,24196,Pope Gregory V,Male,972,Saxony,,Germany,Europe,,,Religious Figure,Religion,Institutions,47,349533,7437,24.4518
3101,50371,Patriarch Photios I of Constantinople,Male,810,Istanbul,,Turkey,Asia,41.012240000000006,28.976020000000002,Religious Figure,Religion,Institutions,31,403226,13007,24.4498
3102,24148,Pope Clement XIII,Male,1693,Venice,,Italy,Europe,45.4375,12.33583,Religious Figure,Religion,Institutions,56,822616,14690,24.4498
3103,51828,Pope Dionysius,Male,200,Greece,,Greece,Europe,39.0,22.0,Religious Figure,Religion,Institutions,57,310465,5447,24.4496
3107,439650,Pope Sisinnius,Male,650,Syria,,Syria,Asia,33.5,36.3,Religious Figure,Religion,Institutions,50,351514,7030,24.4468
3112,49902,Pope Leo XII,Male,1760,Genga,Ancona,Italy,Europe,43.43333,12.93333,Religious Figure,Religion,Institutions,60,1006242,16771,24.4417
3121,24123,Pope Clement X,Male,1590,Rome,,Italy,Europe,41.9,12.5,Religious Figure,Religion,Institutions,52,643218,12370,24.4358
3125,890754,Genevieve,Female,419,Nanterre,,France,Europe,48.8988,2.1969,Religious Figure,Religion,Institutions,27,1234815,45734,24.4322
3139,63030,Pope Severinus,Male,600,Rome,,Italy,Europe,41.9,12.5,Religious Figure,Religion,Institutions,49,249374,5089,24.4265
3141,24642,Pope Innocent VII,Male,1336,Sulmona,,Italy,Europe,42.03333,13.933329999999998,Religious Figure,Religion,Institutions,45,507266,11273,24.4264
3144,232201,Salome,Female,14,Judea,,Israel,Asia,,,Religious Figure,Religion,Institutions,27,2565911,95034,24.4241
3155,24155,Pope Celestine IV,Male,1200,Milan,,Italy,Europe,45.46667,9.18333,Religious Figure,Religion,Institutions,50,472987,9460,24.4161
3164,363866,Pope John IX,Male,850,Tivoli,,Italy,Europe,41.96667,12.8,Religious Figure,Religion,Institutions,45,266731,5927,24.4127
3169,24312,Pope Stephen I,Male,200,Rome,,Italy,Europe,41.9,12.5,Religious Figure,Religion,Institutions,54,328731,6088,24.4099
3183,189972,Sabbatai Zevi,Male,1626,Smyrna,,Turkey,Asia,38.422,27.129,Religious Figure,Religion,Institutions,26,1032845,39725,24.4026
3192,4033938,Abdul Qadir Jelani,Male,1077,Amol,,Iran,Asia,37.2774,49.589,Religious Figure,Religion,Institutions,27,2144712,79434,24.3962
3195,23829,Pope Adrian V,Male,1205,Genoa,,Italy,Europe,44.41111,8.932780000000001,Religious Figure,Religion,Institutions,46,444320,9659,24.3938
3211,23855,Pope Honorius IV,Male,1210,Rome,,Italy,Europe,41.9,12.5,Religious Figure,Religion,Institutions,43,372411,8661,24.3822
3216,42411,John Wesley,Male,1703,London,,United Kingdom,Europe,53.5167,-0.8167,Religious Figure,Religion,Institutions,37,3551177,95978,24.3812
3218,70560,Maximilian Kolbe,Male,1894,Zduńska Wola,,Poland,Europe,51.6,18.933329999999998,Religious Figure,Religion,Institutions,43,3593607,83572,24.3797
3228,37663,Pope Leo IV,Male,790,Rome,,Italy,Europe,41.9,12.5,Religious Figure,Religion,Institutions,44,321302,7302,24.3763
3230,45104,Pope Nicholas III,Male,1210,Rome,,Italy,Europe,41.9,12.5,Religious Figure,Religion,Institutions,49,461227,9413,24.3752
3246,24153,Pope Celestine II,Male,1100,Città di Castello,,Italy,Europe,43.46083,12.243889999999999,Religious Figure,Religion,Institutions,50,364914,7298,24.364
3252,24339,Pope Stephen VIII,Male,900,Rome,,Italy,Europe,41.9,12.5,Religious Figure,Religion,Institutions,45,284037,6312,24.3609
3261,47173,Pope Paul II,Male,1417,Venice,,Italy,Europe,45.4375,12.33583,Religious Figure,Religion,Institutions,49,705355,14395,24.3571
3267,436888,Pope Conon,Male,630,Sicily,,Italy,Europe,37.5,14.0,Religious Figure,Religion,Institutions,49,252924,5162,24.3549
3277,188624,Rabbi Akiva,Male,50,Other,,Unknown,Unknown,,,Religious Figure,Religion,Institutions,26,696487,26788,24.3499
3282,12651,Gregory the Illuminator,Male,257,Other,,Armenia,Asia,,,Religious Figure,Religion,Institutions,27,409149,15154,24.346999999999998
3283,24149,Pope Clement XIV,Male,1705,Santarcangelo di Romagna,,Italy,Europe,44.06667,12.45,Religious Figure,Religion,Institutions,58,959723,16547,24.346999999999998
3290,63012,Pope John I,Male,470,Siena,,Italy,Europe,43.31861,11.33056,Religious Figure,Religion,Institutions,54,309469,5731,24.3421
3294,46723,Pope Paul I,Male,700,Rome,,Italy,Europe,41.9,12.5,Religious Figure,Religion,Institutions,48,283799,5912,24.3374
3296,147859,Pope Pius VIII,Male,1761,Cingoli,,Italy,Europe,43.36667,13.21667,Religious Figure,Religion,Institutions,61,993177,16282,24.3354
3298,69886,Charles Taze Russell,Male,1852,Allegheny,PA,United States,North America,40.44167,-80.0,Religious Figure,Religion,Institutions,28,2029375,72478,24.3349
3299,24340,Pope Stephen IX,Male,1020,Lorraine,,France,Europe,,,Religious Figure,Religion,Institutions,47,396376,8434,24.3346
3310,60543,Pope Theodore I,Male,600,Bethlehem,,Palestine,Asia,31.78333,35.21667,Religious Figure,Religion,Institutions,49,258070,5267,24.3305
3337,24683,Pope Innocent XIII,Male,1655,Poli,Lazio,Italy,Europe,41.88333,12.88333,Religious Figure,Religion,Institutions,55,679660,12357,24.3182
3345,363868,Pope John VII,Male,650,Rossano,,Italy,Europe,39.56667,16.633329999999997,Religious Figure,Religion,Institutions,48,272817,5684,24.3134
3346,23673,Pachomius,Male,292,Thebes,,Egypt,Africa,25.72056,32.610279999999996,Religious Figure,Religion,Institutions,27,233532,8649,24.3134
3348,24228,Pope Gregory XIV,Male,1535,Somma Lombardo,,Italy,Europe,45.68333,8.7,Religious Figure,Religion,Institutions,48,602432,12551,24.3128
3349,316728,Nicodemus,Male,-50,Other,,Unknown,Unknown,,,Religious Figure,Religion,Institutions,28,1387006,49536,24.3122
3366,23793,Pope Alexander III,Male,1100,Siena,,Italy,Europe,43.31861,11.33056,Religious Figure,Religion,Institutions,54,476045,8816,24.3036
3367,779468,Eric IX of Sweden,Male,1120,Västergötland,,Sweden,Europe,57.728,12.7,Religious Figure,Religion,Institutions,26,373201,14354,24.3035
3375,24303,Pope Urban VII,Male,1521,Rome,,Italy,Europe,41.9,12.5,Religious Figure,Religion,Institutions,55,1055094,19184,24.296
3378,157646,Peter the Hermit,Male,1050,Amiens,,France,Europe,49.891999999999996,2.299,Religious Figure,Religion,Institutions,26,534891,20573,24.2956
3393,24015,Pope Benedict IX,Male,1012,Rome,,Italy,Europe,41.9,12.5,Religious Figure,Religion,Institutions,49,1233005,25163,24.2892
3460,46068,Pope Nicholas IV,Male,1227,Ascoli Piceno,,Italy,Europe,42.85,13.583329999999998,Religious Figure,Religion,Institutions,48,388620,8096,24.2468
3482,24334,Pope Stephen IV,Male,770,Rome,,Italy,Europe,41.9,12.5,Religious Figure,Religion,Institutions,49,234382,4783,24.2376
3502,4313,Benjamin,Male,-1000,Canaan,,Israel,Asia,,,Religious Figure,Religion,Institutions,27,1353462,50128,24.2254
3508,28361417,Báb,Male,1819,Shiraz,,Iran,Asia,29.616670000000003,52.53333000000001,Religious Figure,Religion,Institutions,48,1201174,25024,24.2225
3509,105949,Al-Mansur,Male,712,Other,,Unknown,Unknown,,,Religious Figure,Religion,Institutions,30,841824,28061,24.2221
3510,37662,Pope Leo II,Male,611,Sicily,,Italy,Europe,37.5,14.0,Religious Figure,Religion,Institutions,50,240172,4803,24.2213
3514,23960,Pope Miltiades,Male,250,North Africa,,Egypt,Africa,,,Religious Figure,Religion,Institutions,52,617589,11877,24.2196
3522,650896,Elizabeth,Female,-100,Hebron,,Palestine,Asia,,,Religious Figure,Religion,Institutions,27,178935,6627,24.2176
3542,30871305,Clement of Ohrid,Male,840,Other,,Unknown,Unknown,,,Religious Figure,Religion,Institutions,29,502414,17325,24.2061
3552,316400,Judas Maccabeus,Male,100,Modi'in-Maccabim-Re'ut,,Israel,Asia,31.90765,35.00761,Religious Figure,Religion,Institutions,30,1254478,41816,24.2018
3574,255813,Thomas Tallis,Male,1505,Kent,,United Kingdom,Europe,51.19,0.73,Religious Figure,Religion,Institutions,33,1553730,47083,24.1915
3580,363861,Pope John X,Male,860,Borgo Tossignano,,Italy,Europe,44.28333,11.58333,Religious Figure,Religion,Institutions,46,349848,7605,24.1883
3584,63008,Pope Symmachus,Male,450,Sardinia,,Italy,Europe,40.0,9.0,Religious Figure,Religion,Institutions,53,355549,6708,24.1874
3640,31035,Thomas Cardinal Wolsey,Male,1473,Ipswich,,United Kingdom,Europe,52.05944,1.1555600000000001,Religious Figure,Religion,Institutions,33,2532143,76732,24.1554
3643,23787,Pope Alexander IV,Male,1199,Jenne,,Italy,Europe,41.88333,13.166670000000002,Religious Figure,Religion,Institutions,49,356888,7283,24.1545
3657,23813,Pope Stephen II,Male,715,Rome,,Italy,Europe,41.9,12.5,Religious Figure,Religion,Institutions,47,383290,8155,24.141
3658,363857,Pope John XI,Male,910,Rome,,Italy,Europe,41.9,12.5,Religious Figure,Religion,Institutions,45,336423,7476,24.1407
3670,363851,Pope John XII,Male,937,Rome,,Italy,Europe,41.9,12.5,Religious Figure,Religion,Institutions,48,756440,15759,24.1344
3671,363828,Pope John XIV,Male,950,Pavia,,Italy,Europe,45.18333,9.15,Religious Figure,Religion,Institutions,45,288098,6402,24.1339
3684,243546,Pope John IV,Male,600,Dalmatia,,Croatia,Europe,,,Religious Figure,Religion,Institutions,49,229220,4678,24.1288
3685,63026,Pope John III,Male,500,Rome,,Italy,Europe,41.9,12.5,Religious Figure,Religion,Institutions,51,223867,4390,24.1282
3701,24156,Pope Celestine V,Male,1215,Sant'Angelo Limosano,,Italy,Europe,41.7,14.6,Religious Figure,Religion,Institutions,56,1960791,35014,24.1188
3763,32387701,"Joseph Smith, Jr.",Male,1805,Sharon,VT,United States,North America,43.77361,-72.44389,Religious Figure,Religion,Institutions,66,3572289,54126,24.0888
3770,125307,Gregory Palamas,Male,1296,Istanbul,,Turkey,Asia,41.012240000000006,28.976020000000002,Religious Figure,Religion,Institutions,32,407845,12745,24.083000000000002
3775,24338,Pope Stephen VII,Male,850,Rome,,Italy,Europe,41.9,12.5,Religious Figure,Religion,Institutions,43,301917,7021,24.0796
3782,77813,Pope Nicholas II,Male,990,Mercury,,France,Europe,45.675,6.3378,Religious Figure,Religion,Institutions,47,289733,6165,24.0756
3790,263018,Athenagoras of Athens,Male,133,Athens,,Greece,Europe,37.96667,23.71667,Religious Figure,Religion,Institutions,28,171877,6138,24.0714
3796,102354,Papias,Male,70,Other,,Unknown,Unknown,,,Religious Figure,Religion,Institutions,30,277123,9237,24.0647
3857,24337,Pope Stephen VI,Male,850,Rome,,Italy,Europe,41.9,12.5,Religious Figure,Religion,Institutions,45,390532,8678,24.0333
3860,24381,Pope Valentine,Male,800,Rome,,Italy,Europe,41.9,12.5,Religious Figure,Religion,Institutions,50,239904,4798,24.0294
3872,24336,Pope Stephen V,Male,885,Rome,,Italy,Europe,41.9,12.5,Religious Figure,Religion,Institutions,45,232058,5157,24.0197
3928,390737,Vincent de Paul,Male,1581,Saint-Vincent-de-Paul,,France,Europe,43.7478,-0.9975,Religious Figure,Religion,Institutions,31,1650328,53236,23.9932
3973,37252,John Knox,Male,1514,Haddington,,United Kingdom,Europe,55.955619999999996,-2.77882,Religious Figure,Religion,Institutions,40,1567862,39197,23.9593
3980,363872,Pope John VI,Male,655,Ephesus,,Turkey,Asia,37.941109999999995,27.34194,Religious Figure,Religion,Institutions,49,213279,4353,23.958000000000002
3993,16119,Jehoshaphat,Male,-896,Jerusalem,,Israel,Asia,,,Religious Figure,Religion,Institutions,29,585513,20190,23.9491
4013,33875,"Wenceslaus I, Duke of Bohemia",Male,907,Prague,,Czech Republic,Europe,50.08333,14.416670000000002,Religious Figure,Religion,Institutions,32,845556,26424,23.9398
4017,319769,Brendan,Male,484,Fenit,,Ireland,Europe,52.27682,-9.85796,Religious Figure,Religion,Institutions,31,857585,27664,23.9364
4028,102058,Dionysius Exiguus,Male,470,Scythia Minor,,Romania,Europe,,,Religious Figure,Religion,Institutions,30,681035,22701,23.9304
4106,45345,Pope Hilarius,Male,400,Sardinia,,Italy,Europe,40.0,9.0,Religious Figure,Religion,Institutions,49,530238,10821,23.8806
4111,24760,Pope Eusebius,Male,250,Sardinia,,Italy,Europe,40.0,9.0,Religious Figure,Religion,Institutions,53,314600,5936,23.8792
4134,24333,Pope Stephen III,Male,720,Sicily,,Italy,Europe,37.5,14.0,Religious Figure,Religion,Institutions,46,237994,5174,23.869
4174,23811,Pope Agatho,Male,577,Sicily,,Italy,Europe,37.5,14.0,Religious Figure,Religion,Institutions,50,314316,6286,23.8534
4200,23809,Pope John II,Male,470,Rome,,Italy,Europe,41.9,12.5,Religious Figure,Religion,Institutions,50,305184,6104,23.8371
4215,37666,Pope Leo VI,Male,914,Rome,,Italy,Europe,41.9,12.5,Religious Figure,Religion,Institutions,46,207013,4500,23.8318
4257,2544,Ansgar,Male,801,Amiens,,France,Europe,49.891999999999996,2.299,Religious Figure,Religion,Institutions,29,332005,11448,23.8149
4280,37665,Pope Leo V,Male,900,Ardea,Lazio,Italy,Europe,41.61667,12.55,Religious Figure,Religion,Institutions,49,221540,4521,23.7984
4339,59271,Pope Romanus,Male,850,Gallese,,Italy,Europe,42.37444,12.39972,Religious Figure,Religion,Institutions,49,216077,4410,23.7709
4369,23569239,Abu Talib ibn 'Abdu’l-Muttalib,Male,549,Mecca,,Saudi Arabia,Africa,21.41667,39.81667,Religious Figure,Religion,Institutions,30,579546,19318,23.7564
4376,996027,Muslim ibn al-Hajjaj,Male,821,Nishapur,,Iran,Asia,36.21333,58.79583,Religious Figure,Religion,Institutions,26,430149,16544,23.7533
4378,23792,Pope Alexander II,Male,1000,Milan,,Italy,Europe,45.46667,9.18333,Religious Figure,Religion,Institutions,48,313643,6534,23.7525
4394,24019,Pope Benedict XIII,Male,1650,Gravina in Puglia,,Italy,Europe,40.81667,16.41667,Religious Figure,Religion,Institutions,54,632416,11711,23.744
4410,24197,Pope Gregory VI,Male,1000,Rome,,Italy,Europe,41.9,12.5,Religious Figure,Religion,Institutions,43,266284,6193,23.7326
4414,6561,Columba,Male,521,Gartan,,Ireland,Europe,55.029740000000004,-7.77866,Religious Figure,Religion,Institutions,33,974606,29534,23.7308
4443,430140,Muhammad al-Baqir,Male,676,Medina,,Saudi Arabia,Asia,24.46667,39.6,Religious Figure,Religion,Institutions,26,462842,17802,23.7146
4478,30963,Timothy,Male,17,Lystra,,Turkey,Asia,37.664120000000004,32.21071,Religious Figure,Religion,Institutions,33,618770,18751,23.6938
4520,3137245,Nehemiah,Male,-400,Babylon,,Iraq,Asia,32.536390000000004,44.42083,Religious Figure,Religion,Institutions,26,940432,36170,23.6705
4523,272031,Theophanes the Confessor,Male,750,Istanbul,,Turkey,Asia,41.012240000000006,28.976020000000002,Religious Figure,Religion,Institutions,26,227892,8765,23.6691
4553,23427012,Guru Nanak Dev,Male,1469,Nankana Sahib,,Pakistan,Asia,31.45,73.7,Religious Figure,Religion,Institutions,61,1692270,27742,23.6545
4571,100397,Josemaría Escrivá de Balaguer,Male,1902,Barbastro,,Spain,Europe,42.03333,0.11667000000000001,Religious Figure,Religion,Institutions,41,1266488,30890,23.6439
4572,597216,Bruno of Cologne,Male,1030,Cologne,,Germany,Europe,50.93639,6.952780000000001,Religious Figure,Religion,Institutions,26,360787,13876,23.6439
4593,24380,Pope Zachary,Male,679,Santa Severina,,Italy,Europe,39.15,16.91667,Religious Figure,Religion,Institutions,45,343621,7636,23.6323
4622,243550,Pope John V,Male,635,Syria,,Syria,Asia,36.2,36.15,Religious Figure,Religion,Institutions,47,205656,4376,23.614
4740,876383,Jean Vianney,Male,1786,Dardilly,,France,Europe,45.8064,4.7536,Religious Figure,Religion,Institutions,31,1277606,41213,23.5564
4745,68849,Zacharias,Male,-100,Jerusalem,,Israel,Asia,31.78333,35.21667,Religious Figure,Religion,Institutions,31,135121,4359,23.5537
4764,1108337,Ali ibn Hussayn,Male,659,Medina,,Saudi Arabia,Asia,32.03333,44.4,Religious Figure,Religion,Institutions,26,472689,18180,23.5404
4803,80830,Ahmed Yassin,Male,1937,Ashkelon,,Israel,Asia,31.66504,34.55421,Religious Figure,Religion,Institutions,41,1456792,35532,23.5186
4820,33817491,Saint Sava,Male,1169, Podgorica,,Montenegro,Europe,42.468109999999996,19.265639999999998,Religious Figure,Religion,Institutions,30,952775,31759,23.5111
4824,1451639,`Abd Allah ibn `Abbas,Male,620,Mecca,,Saudi Arabia,Asia,21.41667,39.81667,Religious Figure,Religion,Institutions,28,540820,19315,23.5098
4835,74261,Pope Constantine,Male,664,Syria,,Syria,Asia,36.2,36.15,Religious Figure,Religion,Institutions,50,290894,5818,23.5057
4898,430172,Ali al-Rida,Male,766,Medina,,Saudi Arabia,Asia,24.46667,39.6,Religious Figure,Religion,Institutions,27,374298,13863,23.4686
5027,310693,Muhammad Ahmad,Male,1844,Dongola,,Sudan,Africa,19.169829999999997,30.474890000000002,Religious Figure,Religion,Institutions,28,1049478,37481,23.3953
5041,24242,Pope Gregory XII,Male,1326,Venice,,Italy,Europe,45.4375,12.33583,Religious Figure,Religion,Institutions,49,1096805,22384,23.3889
5064,304546,Philip Neri,Male,1515,Florence,,Italy,Europe,43.78333,11.25,Religious Figure,Religion,Institutions,28,1343938,47998,23.3751
5135,24334936,Faustyna Kowalska,Female,1905,Łódź,,Poland,Europe,52.02722,18.93361,Religious Figure,Religion,Institutions,33,1942274,58857,23.3264
5278,8401973,Desmond Tutu,Male,1931,Klerksdorp,,South Africa,Africa,-26.866670000000003,26.66667,Religious Figure,Religion,Institutions,69,6333888,91795,23.2407
5282,405696,Nathan Söderblom,Male,1866,Uppsala,,Sweden,Europe,59.858059999999995,17.64472,Religious Figure,Religion,Institutions,32,266321,8323,23.2384
5476,355422,Rose of Lima,Female,1586,Lima,,Peru,South America,-12.043330000000001,-77.02833000000001,Religious Figure,Religion,Institutions,31,2644098,85293,23.131
5517,587936,Hans Küng,Male,1928,Sursee,,Switzerland,Europe,47.16667,8.11667,Religious Figure,Religion,Institutions,28,1326568,47377,23.1127
5574,690865,Billy Graham,Male,1918,Charlotte,NC,United States,North America,35.22694,-80.84333000000001,Religious Figure,Religion,Institutions,36,5325359,147927,23.0842
5578,318593,Hans Egede,Male,1686,Harstad,,Norway,Europe,68.8,16.54583,Religious Figure,Religion,Institutions,26,241522,9289,23.0819
5641,65689,Óscar Romero,Male,1917,Ciudad Barrios,,El Salvador,North America,13.766670000000001,-88.26666999999999,Religious Figure,Religion,Institutions,29,2759733,95163,23.0442
5651,1754943,"Thubten Gyatso, 13th Dalai Lama",Male,1876,Thakpo Langdun,,China,Asia,,,Religious Figure,Religion,Institutions,27,1022624,37875,23.0383
5835,557518,Aloysius Gonzaga,Male,1568,Castiglione delle Stiviere,,Italy,Europe,45.39167,10.48889,Religious Figure,Religion,Institutions,26,762798,29338,22.9388
5882,842599,Antipope Ursicinus,Male,300,Other,,Unknown,Unknown,,,Religious Figure,Religion,Institutions,27,87994,3259,22.9122
5896,5048,Brigham Young,Male,1801,Whitingham,VT,United States,North America,42.78333,-72.85,Religious Figure,Religion,Institutions,36,2533812,70384,22.9056
5914,176796,Maharishi Mahesh Yogi,Male,1918,Chichli,,India,Asia,23.16667,79.93333,Religious Figure,Religion,Institutions,31,2712810,87510,22.8985
5974,358803,Panchen Lama,Male,1938,Other,,Unknown,Unknown,,,Religious Figure,Religion,Institutions,33,1282239,38856,22.8645
6002,474861,Martin de Porres,Male,1579,Lima District,,Peru,South America,-12.043330000000001,-77.02833000000001,Religious Figure,Religion,Institutions,29,2287196,78869,22.8494
6006,24194,Pope Gregory III,Male,731,Syria,,Syria,Asia,33.5,36.3,Religious Figure,Religion,Institutions,52,655153,12599,22.8484
6084,37669,William Tyndale,Male,1494,North Nibley,,United Kingdom,Europe,51.660540000000005,-2.3767400000000003,Religious Figure,Religion,Institutions,33,1434211,43461,22.8073
6324,201082,William Booth,Male,1829,Sneinton,,United Kingdom,Europe,52.955090000000006,-1.13067,Religious Figure,Religion,Institutions,26,825147,31736,22.6466
6377,2340,Antipope Felix II,Male,300,Other,,Unknown,Unknown,,,Religious Figure,Religion,Institutions,27,144060,5336,22.623
6449,7517723,Fethullah Gülen,Male,1941,Erzurum,,Turkey,Asia,39.908609999999996,41.27694,Religious Figure,Religion,Institutions,34,2179904,64115,22.5792
6538,78568,Marcel Lefebvre,Male,1905,Tourcoing,,France,Europe,50.7323,3.1039999999999996,Religious Figure,Religion,Institutions,26,1368147,52621,22.523000000000003
6549,304995,Patriarch Alexy II of Moscow,Male,1929,Tallinn,,Estonia,Europe,59.437219999999996,24.745279999999998,Religious Figure,Religion,Institutions,40,750552,18764,22.5124
6714,29074,Sun Myung Moon,Male,1920,North Pyongan,,North Korea,Asia,40.1,124.4,Religious Figure,Religion,Institutions,28,3097335,110619,22.4023
6735,457803,Yusuf al-Qaradawi,Male,1926,Saft Turab,,Egypt,Africa,,,Religious Figure,Religion,Institutions,28,1647162,58827,22.3855
6771,61618,Ecumenical Patriarch Bartholomew I of Constantinople,Male,1940,Imbros,,Turkey,Asia,40.16083,25.84444,Religious Figure,Religion,Institutions,35,563426,16098,22.3662
6973,85080,Father Damien,Male,1840,Tremelo,,Belgium,Europe,50.98333,4.7,Religious Figure,Religion,Institutions,35,2188400,62526,22.2296
7059,45667,A. C. Bhaktivedanta Swami Prabhupada,Male,1896,Kolkata,,India,Asia,22.566670000000002,88.36667,Religious Figure,Religion,Institutions,33,973930,29513,22.168000000000003
7083,581035,Saint Marinus,Male,300,Lopar,,Croatia,Europe,44.83,14.73,Religious Figure,Religion,Institutions,26,171221,6585,22.1512
7088,49053,Carlos Filipe Ximenes Belo,Male,1948,Baucau,,Timor-Leste,Asia,,,Religious Figure,Religion,Institutions,36,349757,9715,22.1478
7163,466991,Mirza Ghulam Ahmad,Male,1835,Qadian,,India,Asia,31.82,75.39,Religious Figure,Religion,Institutions,26,1269431,48824,22.0849
7352,83895,John Henry Cardinal Newman,Male,1801,London,,United Kingdom,Europe,51.507220000000004,-0.1275,Religious Figure,Religion,Institutions,34,1746242,51360,21.9306
7354,1687904,Tarcisio Cardinal Bertone,Male,1934,Romano Canavese,,Italy,Europe,45.38333,7.86667,Religious Figure,Religion,Institutions,27,1952904,72330,21.9297
7381,2238,Antipope John XXIII,Male,1370,Naples,,Italy,Europe,41.9,12.48333,Religious Figure,Religion,Institutions,30,667716,22257,21.9006
7684,3019,`Abdu'l-Bahá,Male,1844,Tehran,,Iran,Asia,35.69611,51.42306,Religious Figure,Religion,Institutions,28,472029,16858,21.5729
7836,23812,Pope-elect Stephen,Male,700,Sicily,,Italy,Europe,,,Religious Figure,Religion,Institutions,32,202767,6336,21.389
8026,1351167,Antipope Laurentius,Male,450,Other,,Unknown,Unknown,,,Religious Figure,Religion,Institutions,28,95755,3420,21.1445
8075,392266,Joan Enric Vives Sicília,Male,1949,Barcelona,,Spain,Europe,41.38333,2.1833299999999998,Religious Figure,Religion,Institutions,33,496204,15036,21.0652
8398,191043,Pope Shenouda III of Alexandria,Male,1923,Asyut,,Egypt,Africa,27.26667,31.15,Religious Figure,Religion,Institutions,42,926046,22049,20.5925
