,Unnamed: 0,name,year,nr_unis,nonreligpct,religpct,popsize,uni_per_pop,pop_per_uni,HPI_sci,HPI_rel,continent
0,3,Albania,1960,4,0.15,0.85,1608800,0.2486325211,402200,,,
1,4,Albania,1965,4,0.21,0.79,1864791,0.2145012497,466197.75,,,
2,5,Albania,1970,4,0.24,0.76,2135479,0.1873116055,533869.75,,,
3,6,Albania,1975,5,0.2531,0.7469,2404831,0.2079148181,480966.2,,,
4,7,Albania,1980,5,0.2632,0.7368,2671997,0.1871259586,534399.4,,,
5,8,Albania,1985,5,0.2698,0.7302,2964762,0.1686476014,592952.4,,,
6,9,Albania,1990,5,0.2742,0.7258,3286542,0.1521355881,657308.4,,,
7,10,Albania,1995,7,0.1675,0.8325,3187784,0.2195882783,455397.714286,,,
8,11,Albania,2000,7,0.1092,0.8908,3089027,0.2266085729,441289.571429,,,
9,12,Albania,2005,8,0.1099,0.8901,3011487,0.2656494948,376435.875,,,
10,13,Albania,2010,9,0.1507,0.8493,2913021,0.3089576079,323669,,,
11,14,Angola,1975,1,0.0033,0.9967,7682479,0.0130166317,7682479,,,
12,15,Angola,1980,1,0.0043,0.9957,8929900,0.0111983337,8929900,,,
13,16,Angola,1985,1,0.0056,0.9944,10609042,0.0094259218,10609042,,,
14,17,Angola,1990,1,0.006,0.994,12171441,0.0082159541,12171441,,,
15,18,Angola,1995,2,0.008,0.992,14268994,0.0140164051,7134497,,,
16,19,Angola,2000,2,0.0194,0.9806,16440924,0.0121647664,8220462,,,
17,20,Angola,2005,2,0.0161,0.9839,19552542,0.010228849,9776271,,,
18,21,Angola,2010,8,0.0179,0.9821,23369131,0.0342331942,2921141.375,,,
19,22,Antigua and Barbuda,1980,0,0,1,73442,0,inf,,,
20,23,Antigua and Barbuda,1985,1,0,1,69782,1.4330343068,69782,,,
21,24,Antigua and Barbuda,1990,1,0.0328,0.9672,66696,1.4993402903,66696,,,
22,25,Antigua and Barbuda,1995,1,0.046,0.954,73619,1.3583449925,73619,,,
23,26,Antigua and Barbuda,2000,1,0.0582,0.9418,83584,1.1964012251,83584,,,
24,27,Antigua and Barbuda,2005,1,0.0533,0.9467,89253,1.1204105184,89253,,,
25,28,Antigua and Barbuda,2010,1,0.059,0.941,94661,1.0564012635,94661,,,
26,32,Argentina,1960,9,0,1,20619075,0.0436489028,2291008.33333,20.61145,0,South America
27,33,Argentina,1965,10,0.0025,0.9975,22283390,0.0448764753,2228339,20.61145,0,South America
28,34,Argentina,1970,11,0.0046,0.9954,23973058,0.0458848429,2179368.90909,20.61145,0,South America
29,35,Argentina,1975,25,0.0046,0.9954,26066975,0.0959067939,1042679,20.61145,0,South America
30,36,Argentina,1980,26,0.0034,0.9966,28105888,0.0925073067,1080995.69231,20.61145,0,South America
31,37,Argentina,1985,26,0.0082,0.9918,30388783,0.085557885,1168799.34615,20.61145,0,South America
32,38,Argentina,1990,30,0.0231,0.9769,32729739,0.0916597593,1090991.3,20.61145,0,South America
33,39,Argentina,1995,37,0.025,0.975,34994814,0.1057299519,945805.783784,20.61145,0,South America
34,40,Argentina,2000,38,0.0392,0.9608,37057452,0.1025434776,975196.105263,20.61145,0,South America
35,41,Argentina,2005,40,0.12,0.88,39145488,0.1021829131,978637.2,20.61145,0,South America
36,42,Argentina,2010,44,0.12,0.88,41223889,0.1067342288,936906.568182,20.61145,0,South America
37,43,Armenia,1995,12,0.1221,0.8779,3217342,0.3729786886,268111.833333,0,24.347,Asia
38,44,Armenia,2000,14,0.017,0.983,3069588,0.4560872664,219256.285714,0,24.347,Asia
39,45,Armenia,2005,14,0.0342,0.9658,2981259,0.4696002595,212947.071429,0,24.347,Asia
40,46,Armenia,2010,14,0.0346,0.9654,2877311,0.4865654078,205522.214286,0,24.347,Asia
41,50,Australia,1960,22,0.04,0.96,10276477,0.2140811486,467112.590909,21.86368,0,Oceania
42,51,Australia,1965,24,0.05,0.95,11388000,0.210748156,474500,21.86368,0,Oceania
43,52,Australia,1970,28,0.0598,0.9402,12507000,0.2238746302,446678.571429,21.86368,0,Oceania
44,53,Australia,1975,31,0.0937,0.9063,13893000,0.2231339524,448161.290323,21.86368,0,Oceania
45,54,Australia,1980,31,0.1196,0.8804,14692000,0.2109991832,473935.483871,21.86368,0,Oceania
46,55,Australia,1985,31,0.1343,0.8657,15758000,0.1967254728,508322.580645,21.86368,0,Oceania
47,56,Australia,1990,34,0.1398,0.8602,17065100,0.1992370393,501914.705882,21.86368,0,Oceania
48,57,Australia,1995,36,0.1562,0.8438,18072000,0.1992031873,502000,21.86368,0,Oceania
49,58,Australia,2000,36,0.1673,0.8327,19153000,0.1879601107,532027.777778,21.86368,0,Oceania
50,59,Australia,2005,37,0.22,0.78,20394800,0.181418793,551210.810811,21.86368,0,Oceania
51,60,Australia,2010,38,0.3101,0.6899,22031750,0.1724783551,579782.894737,21.86368,0,Oceania
52,62,Austria,1960,3,0.0377,0.9623,7047539,0.0425680511,2349179.66667,24.0312,24.8533,Europe
53,63,Austria,1965,5,0.04,0.96,7270889,0.0687673818,1454177.8,24.0312,24.8533,Europe
54,64,Austria,1970,6,0.0409,0.9591,7467086,0.0803526302,1244514.33333,24.0312,24.8533,Europe
55,65,Austria,1975,7,0.047,0.953,7578903,0.0923616518,1082700.42857,24.0312,24.8533,Europe
56,66,Austria,1980,7,0.0598,0.9402,7549433,0.0927221952,1078490.42857,24.0312,24.8533,Europe
57,67,Austria,1985,7,0.0585,0.9415,7564985,0.0925315781,1080712.14286,24.0312,24.8533,Europe
58,68,Austria,1990,7,0.0862,0.9138,7677850,0.0911713566,1096835.71429,24.0312,24.8533,Europe
59,69,Austria,1995,7,0.087,0.913,7948278,0.0880693906,1135468.28571,24.0312,24.8533,Europe
60,70,Austria,2000,7,0.1199,0.8801,8011566,0.0873736795,1144509.42857,24.0312,24.8533,Europe
61,71,Austria,2005,7,0.1384,0.8616,8227829,0.0850771206,1175404.14286,24.0312,24.8533,Europe
62,72,Austria,2010,7,0.1542,0.8458,8363404,0.0836979775,1194772,24.0312,24.8533,Europe
63,73,Azerbaijan,1995,20,0.0576,0.9424,7685000,0.2602472349,384250,24.763,0,Asia
64,74,Azerbaijan,2000,22,0.0588,0.9412,8048600,0.2733394628,365845.454545,24.763,0,Asia
65,75,Azerbaijan,2005,22,0.0089,0.9911,8391850,0.2621591187,381447.727273,24.763,0,Asia
66,76,Azerbaijan,2010,23,0.0193,0.9807,9054332,0.2540220526,393666.608696,24.763,0,Asia
67,77,Bahrain,1970,1,0,1,212605,0.4703558242,212605,,,
68,78,Bahrain,1975,1,0,1,266543,0.3751739869,266543,,,
69,79,Bahrain,1980,2,0,1,359888,0.5557284489,179944,,,
70,80,Bahrain,1985,3,0,1,419430,0.7152564194,139810,,,
71,81,Bahrain,1990,4,0.0014,0.9986,495931,0.8065638163,123982.75,,,
72,82,Bahrain,1995,4,0,1,563699,0.7095985624,140924.75,,,
73,83,Bahrain,2000,4,0,1,664614,0.6018531057,166153.5,,,
74,84,Bahrain,2005,8,0,1,889168,0.8997174887,111146,,,
75,85,Bahrain,2010,9,0,1,1240862,0.7253022496,137873.555556,,,
76,86,Barbados,1970,1,0.1708,0.8292,238848,0.418676313,238848,,,
77,87,Barbados,1975,1,0.1126,0.8874,246034,0.4064478893,246034,,,
78,88,Barbados,1980,1,0.0522,0.9478,252194,0.3965201393,252194,,,
79,89,Barbados,1985,1,0.0593,0.9407,255924,0.3907410012,255924,,,
80,90,Barbados,1990,1,0.0549,0.9451,260374,0.3840629249,260374,,,
81,91,Barbados,1995,1,0.2223,0.7777,264959,0.3774168834,264959,,,
82,92,Barbados,2000,1,0.2058,0.7942,269847,0.3705803659,269847,,,
83,93,Barbados,2005,1,0.2102,0.7898,274009,0.3649515162,274009,,,
84,94,Barbados,2010,1,0.205,0.795,279569,0.3576934496,279569,,,
85,95,Belarus,1995,11,0.2869,0.7131,10194000,0.1079066117,926727.272727,23.79,0,Europe
86,96,Belarus,2000,11,0.4103,0.5897,9979610,0.1102247483,907237.272727,23.79,0,Europe
87,97,Belarus,2005,11,0.4934,0.5066,9663915,0.1138255045,878537.727273,23.79,0,Europe
88,98,Belarus,2010,11,0.411,0.589,9490583,0.1159043654,862780.272727,23.79,0,Europe
89,102,Belgium,1960,3,0.033,0.967,9153489,0.032774388,3051163,23.5907,22.2296,Europe
90,103,Belgium,1965,6,0.0441,0.9559,9463667,0.0634003711,1577277.83333,23.5907,22.2296,Europe
91,104,Belgium,1970,11,0.0599,0.9401,9655549,0.113924128,877777.181818,23.5907,22.2296,Europe
92,105,Belgium,1975,11,0.06,0.94,9800700,0.112236881,890972.727273,23.5907,22.2296,Europe
93,106,Belgium,1980,11,0.0607,0.9393,9859242,0.1115704432,896294.727273,23.5907,22.2296,Europe
94,107,Belgium,1985,11,0.0941,0.9059,9858308,0.1115810137,896209.818182,23.5907,22.2296,Europe
95,108,Belgium,1990,11,0.108,0.892,9967379,0.1103600054,906125.363636,23.5907,22.2296,Europe
96,109,Belgium,1995,12,0.1387,0.8613,10136811,0.1183804256,844734.25,23.5907,22.2296,Europe
97,110,Belgium,2000,12,0.15,0.85,10251250,0.1170588953,854270.833333,23.5907,22.2296,Europe
98,111,Belgium,2005,13,0.1734,0.8266,10478617,0.1240621735,806047.461538,23.5907,22.2296,Europe
99,112,Belgium,2010,15,0.192,0.808,10895586,0.1376704291,726372.4,23.5907,22.2296,Europe
100,122,Bosnia and Herzegovina,1995,6,0.0495,0.9505,3843712,0.1560991042,640618.666667,23.7692,0,Europe
101,123,Bosnia and Herzegovina,2000,8,0.076,0.924,3766706,0.2123871627,470838.25,23.7692,0,Europe
102,124,Bosnia and Herzegovina,2005,8,0.052,0.948,3781530,0.2115545824,472691.25,23.7692,0,Europe
103,125,Bosnia and Herzegovina,2010,8,0.0293,0.9707,3722084,0.2149333545,465260.5,23.7692,0,Europe
104,129,Bulgaria,1960,7,0.144,0.856,7867374,0.0889750506,1123910.57143,22.4516,0,Europe
105,130,Bulgaria,1965,10,0.1837,0.8163,8204168,0.1218892641,820416.8,22.4516,0,Europe
106,131,Bulgaria,1970,10,0.1808,0.8192,8489574,0.1177915405,848957.4,22.4516,0,Europe
107,132,Bulgaria,1975,13,0.1524,0.8476,8720742,0.1490698842,670826.307692,22.4516,0,Europe
108,133,Bulgaria,1980,13,0.1095,0.8905,8861535,0.1467014462,681656.538462,22.4516,0,Europe
109,134,Bulgaria,1985,13,0.1327,0.8673,8960547,0.1450804287,689272.846154,22.4516,0,Europe
110,135,Bulgaria,1990,14,0.1009,0.8991,8718289,0.1605819674,622734.928571,22.4516,0,Europe
111,136,Bulgaria,1995,23,0.0744,0.9256,8406067,0.2736119044,365481.173913,22.4516,0,Europe
112,137,Bulgaria,2000,23,0.0395,0.9605,8170172,0.2815118213,355224.869565,22.4516,0,Europe
113,138,Bulgaria,2005,24,0.044,0.956,7658972,0.3133579807,319123.833333,22.4516,0,Europe
114,139,Bulgaria,2010,24,0.0473,0.9527,7395599,0.3245173244,308149.958333,22.4516,0,Europe
115,140,Cameroon,1960,0,0.0007,0.9993,5176268,0,inf,,,
116,141,Cameroon,1965,1,0.0008,0.9992,5777834,0.0173075239,5777834,,,
117,142,Cameroon,1970,1,0.0009,0.9991,6527635,0.015319484,6527635,,,
118,143,Cameroon,1975,1,0.001,0.999,7457362,0.0134095676,7457362,,,
119,144,Cameroon,1980,2,0.0011,0.9989,8618354,0.0232062874,4309177,,,
120,145,Cameroon,1985,3,0.002,0.998,10050023,0.029850678,3350007.66667,,,
121,146,Cameroon,1990,3,0.0027,0.9973,11715218,0.0256077181,3905072.66667,,,
122,147,Cameroon,1995,5,0.005,0.995,13460994,0.0371443595,2692198.8,,,
123,148,Cameroon,2000,5,0.005,0.995,15274234,0.0327348658,3054846.8,,,
124,149,Cameroon,2005,5,0.0074,0.9926,17420795,0.0287013308,3484159,,,
125,150,Cameroon,2010,6,0.0073,0.9927,19970495,0.0300443229,3328415.83333,,,
126,154,Canada,1960,44,0,1,17909009,0.2456864029,407022.931818,22.2602,0,North America
127,155,Canada,1965,52,0.0254,0.9746,19678000,0.2642544974,378423.076923,22.2602,0,North America
128,156,Canada,1970,68,0.0335,0.9665,21324000,0.3188895142,313588.235294,22.2602,0,North America
129,157,Canada,1975,73,0.1056,0.8944,23209000,0.3145331552,317931.506849,22.2602,0,North America
130,158,Canada,1980,74,0.0799,0.9201,24593000,0.3008986297,332337.837838,22.2602,0,North America
131,159,Canada,1985,75,0.0778,0.9222,25942000,0.2891064683,345893.333333,22.2602,0,North America
132,160,Canada,1990,76,0.0558,0.9442,27791000,0.2734698284,365671.052632,22.2602,0,North America
133,161,Canada,1995,77,0.0945,0.9055,29354000,0.262315187,381220.779221,22.2602,0,North America
134,162,Canada,2000,77,0.1284,0.8716,30769700,0.2502461837,399606.493506,22.2602,0,North America
135,163,Canada,2005,78,0.1269,0.8731,32312000,0.2413963852,414256.410256,22.2602,0,North America
136,164,Canada,2010,79,0.1643,0.8357,34005274,0.2323169047,430446.506329,22.2602,0,North America
137,165,Central African Republic,1960,0,0.0006,0.9994,1503508,0,inf,,,
138,166,Central African Republic,1965,0,0.001,0.999,1648833,0,inf,,,
139,167,Central African Republic,1970,0,0.0012,0.9988,1828709,0,inf,,,
140,168,Central African Republic,1975,0,0,1,2017372,0,inf,,,
141,169,Central African Republic,1980,0,0.0055,0.9945,2279821,0,inf,,,
142,170,Central African Republic,1985,0,0.0068,0.9932,2634232,0,inf,,,
143,171,Central African Republic,1990,0,0.0079,0.9921,2939780,0,inf,,,
144,172,Central African Republic,1995,0,0.0074,0.9926,3352767,0,inf,,,
145,173,Central African Republic,2000,0,0.0124,0.9876,3754986,0,inf,,,
146,174,Central African Republic,2005,0,0.0127,0.9873,4127910,0,inf,,,
147,175,Central African Republic,2010,1,0.0124,0.9876,4448525,0.0224793611,4448525,,,
148,176,Chad,1960,0,0.0002,0.9998,3001593,0,inf,,,
149,177,Chad,1965,0,0.0002,0.9998,3309573,0,inf,,,
150,178,Chad,1970,0,0.0003,0.9997,3643549,0,inf,,,
151,179,Chad,1975,1,0.0003,0.9997,4087948,0.0244621507,4087948,,,
152,180,Chad,1980,1,0.0004,0.9996,4512042,0.0221629143,4512042,,,
153,181,Chad,1985,1,0.0006,0.9994,5091535,0.0196404424,5091535,,,
154,182,Chad,1990,1,0.0007,0.9993,5956859,0.0167873707,5956859,,,
155,183,Chad,1995,1,0.0009,0.9991,7000722,0.014284241,7000722,,,
156,184,Chad,2000,1,0.0016,0.9984,8342559,0.0119867297,8342559,,,
157,185,Chad,2005,1,0.002,0.998,10067009,0.009933437,10067009,,,
158,186,Chad,2010,1,0.0025,0.9975,11887202,0.0084124086,11887202,,,
159,190,Chile,1960,7,0,1,7716625,0.0907132328,1102375,22.8899,0,South America
160,191,Chile,1965,8,0,1,8617077,0.0928389058,1077134.625,22.8899,0,South America
161,192,Chile,1970,8,0.0338,0.9662,9563865,0.0836481903,1195483.125,22.8899,0,South America
162,193,Chile,1975,8,0.0338,0.9662,10435534,0.0766611464,1304441.75,22.8899,0,South America
163,194,Chile,1980,8,0.0383,0.9617,11266226,0.0710086945,1408278.25,22.8899,0,South America
164,195,Chile,1985,16,0,1,12181028,0.1313518038,761314.25,22.8899,0,South America
165,196,Chile,1990,16,0.0334,0.9666,13242132,0.1208264651,827633.25,22.8899,0,South America
166,197,Chile,1995,17,0,1,14296613,0.1189092829,840977.235294,22.8899,0,South America
167,198,Chile,2000,17,0.03,0.97,15262754,0.1113822578,897809.058824,22.8899,0,South America
168,199,Chile,2005,17,0.083,0.917,16147064,0.1052822978,949827.294118,22.8899,0,South America
169,200,Chile,2010,17,0.06,0.94,16993354,0.1000391094,999609.058824,22.8899,0,South America
170,204,China,1960,34,0.38,0.62,667070000,0.0050969164,19619705.8824,23.3104,24.3448,Asia
171,205,China,1965,34,0.3693,0.6307,715185000,0.0047540147,21034852.9412,23.3104,24.3448,Asia
172,206,China,1970,34,0.4277,0.5723,818315000,0.0041548792,24068088.2353,23.3104,24.3448,Asia
173,207,China,1975,34,0.4622,0.5378,916395000,0.0037101905,26952794.1176,23.3104,24.3448,Asia
174,208,China,1980,34,0.4349,0.5651,981235000,0.0034650211,28859852.9412,23.3104,24.3448,Asia
175,209,China,1985,34,0.4066,0.5934,1051040000,0.0032348912,30912941.1765,23.3104,24.3448,Asia
176,210,China,1990,34,0.3848,0.6152,1135185000,0.0029951065,33387794.1176,23.3104,24.3448,Asia
177,211,China,1995,34,0.3607,0.6393,1204855000,0.0028219163,35436911.7647,23.3104,24.3448,Asia
178,212,China,2000,35,0.38,0.62,1262645000,0.0027719589,36075571.4286,23.3104,24.3448,Asia
179,213,China,2005,35,0.325,0.675,1303720000,0.0026846255,37249142.8571,23.3104,24.3448,Asia
180,214,China,2010,35,0.325,0.675,1337705000,0.0026164214,38220142.8571,23.3104,24.3448,Asia
181,218,Colombia,1960,22,0,1,16480383,0.1334920432,749108.318182,,,
182,219,Colombia,1965,24,0,1,19144223,0.1253641895,797675.958333,,,
183,220,Colombia,1970,26,0.0033,0.9967,22061215,0.1178538897,848508.269231,,,
184,221,Colombia,1975,31,0,1,24756973,0.1252172469,798612.032258,,,
185,222,Colombia,1980,33,0.0038,0.9962,27737900,0.1189707945,840542.424242,,,
186,223,Colombia,1985,36,0.0085,0.9915,31011688,0.1160852644,861435.777778,,,
187,224,Colombia,1990,37,0.0116,0.9884,34271565,0.1079612209,926258.513514,,,
188,225,Colombia,1995,37,0.0128,0.9872,37441977,0.0988195682,1011945.32432,,,
189,226,Colombia,2000,37,0.0133,0.9867,40403958,0.0915751868,1091998.86486,,,
190,227,Colombia,2005,38,0.015,0.985,43285634,0.0877889417,1139095.63158,,,
191,228,Colombia,2010,38,0.015,0.985,45918097,0.0827560428,1208370.97368,,,
192,254,Costa Rica,1960,1,0,1,1333040,0.0750165036,1333040,,,
193,255,Costa Rica,1965,1,0,1,1589621,0.0629080768,1589621,,,
194,256,Costa Rica,1970,1,0.0054,0.9946,1848866,0.0540872081,1848866,,,
195,257,Costa Rica,1975,3,0.0057,0.9943,2097407,0.1430337555,699135.666667,,,
196,258,Costa Rica,1980,3,0.0058,0.9942,2389310,0.1255592619,796436.666667,,,
197,259,Costa Rica,1985,3,0.008,0.992,2730233,0.1098807318,910077.666667,,,
198,260,Costa Rica,1990,3,0.0412,0.9588,3095995,0.0968993813,1031998.33333,,,
199,261,Costa Rica,1995,3,0.036,0.964,3510926,0.0854475429,1170308.66667,,,
200,262,Costa Rica,2000,3,0.0442,0.9558,3925443,0.0764244953,1308481,,,
201,263,Costa Rica,2005,3,0.0368,0.9632,4247841,0.0706241123,1415947,,,
202,264,Costa Rica,2010,3,0.1,0.9,4545280,0.0660025345,1515093.33333,,,
203,265,Croatia,1995,4,0.0732,0.9268,4669000,0.08567145,1167250,23.5162,24.596,Europe
204,266,Croatia,2000,4,0.0449,0.9551,4426000,0.0903750565,1106500,23.5162,24.596,Europe
205,267,Croatia,2005,6,0.0507,0.9493,4442000,0.1350742909,740333.333333,23.5162,24.596,Europe
206,268,Croatia,2010,7,0.0565,0.9435,4417781,0.1584505887,631111.571429,23.5162,24.596,Europe
207,272,Cuba,1960,4,0,1,7141135,0.0560135049,1785283.75,,,
208,273,Cuba,1965,4,0,1,7951933,0.0503022347,1987983.25,,,
209,274,Cuba,1970,5,0.2457,0.7543,8715123,0.0573715368,1743024.6,,,
210,275,Cuba,1975,7,0.2265,0.7735,9438442,0.0741647827,1348348.85714,,,
211,276,Cuba,1980,10,0.2505,0.7495,9835177,0.1016758519,983517.7,,,
212,277,Cuba,1985,10,0.2478,0.7522,10082989,0.0991769405,1008298.9,,,
213,278,Cuba,1990,10,0.2426,0.7574,10582081,0.0944993712,1058208.1,,,
214,279,Cuba,1995,10,0.2065,0.7935,10906043,0.0916922847,1090604.3,,,
215,280,Cuba,2000,10,0.15,0.85,11150736,0.089680179,1115073.6,,,
216,281,Cuba,2005,10,0.1315,0.8685,11284253,0.0886190694,1128425.3,,,
217,282,Cuba,2010,10,0.1315,0.8685,11333051,0.0882374923,1133305.1,,,
218,283,Cyprus,1960,0,0,1,572930,0,inf,18.9924,25.5388,Asia
219,284,Cyprus,1965,1,0,1,580966,0.1721271124,580966,18.9924,25.5388,Asia
220,285,Cyprus,1970,1,0.018,0.982,613621,0.1629670432,613621,18.9924,25.5388,Asia
221,286,Cyprus,1975,1,0.0195,0.9805,649755,0.1539041639,649755,18.9924,25.5388,Asia
222,287,Cyprus,1980,2,0.0211,0.9789,685406,0.2917978541,342703,18.9924,25.5388,Asia
223,288,Cyprus,1985,3,0.0233,0.9767,703687,0.4263259091,234562.333333,18.9924,25.5388,Asia
224,289,Cyprus,1990,4,0.0254,0.9746,766614,0.5217749741,191653.5,18.9924,25.5388,Asia
225,290,Cyprus,1995,5,0.034,0.966,855384,0.5845327946,171076.8,18.9924,25.5388,Asia
226,291,Cyprus,2000,5,0.0509,0.9491,943286,0.5300619324,188657.2,18.9924,25.5388,Asia
227,292,Cyprus,2005,6,0.0414,0.9586,1027658,0.5838518262,171276.333333,18.9924,25.5388,Asia
228,293,Cyprus,2010,6,0.032,0.968,1112607,0.5392739754,185434.5,18.9924,25.5388,Asia
229,294,Czech Republic,1995,15,0.66,0.34,10327253,0.1452467563,688483.533333,24.6904,24.62743333,Europe
230,295,Czech Republic,2000,15,0.5904,0.4096,10255063,0.1462692136,683670.866667,24.6904,24.62743333,Europe
231,296,Czech Republic,2005,15,0.6854,0.3146,10211216,0.1468972941,680747.733333,24.6904,24.62743333,Europe
232,297,Czech Republic,2010,15,0.7575,0.2425,10474410,0.1432061567,698294,24.6904,24.62743333,Europe
233,301,Denmark,1960,1,0.0113,0.9887,4579603,0.0218359539,4579603,23.3310125,0,Europe
234,302,Denmark,1965,1,0.0156,0.9844,4759012,0.0210127648,4759012,23.3310125,0,Europe
235,303,Denmark,1970,2,0.0174,0.9826,4928757,0.0405781823,2464378.5,23.3310125,0,Europe
236,304,Denmark,1975,4,0.0337,0.9663,5059862,0.0790535394,1264965.5,23.3310125,0,Europe
237,305,Denmark,1980,4,0.0385,0.9615,5123027,0.0780788389,1280756.75,23.3310125,0,Europe
238,306,Denmark,1985,4,0.0438,0.9562,5113691,0.0782213865,1278422.75,23.3310125,0,Europe
239,307,Denmark,1990,4,0.0487,0.9513,5140939,0.0778067976,1285234.75,23.3310125,0,Europe
240,308,Denmark,1995,4,0.0681,0.9319,5233373,0.0764325417,1308343.25,23.3310125,0,Europe
241,309,Denmark,2000,4,0.0822,0.9178,5339616,0.074911754,1334904,23.3310125,0,Europe
242,310,Denmark,2005,4,0.0871,0.9129,5419432,0.0738084729,1354858,23.3310125,0,Europe
243,311,Denmark,2010,4,0.1011,0.8989,5547683,0.0721021731,1386920.75,23.3310125,0,Europe
244,315,Dominican Republic,1960,2,0,1,3294042,0.06071568,1647021,,,
245,316,Dominican Republic,1965,2,0,1,3878948,0.0515603715,1939474,,,
246,317,Dominican Republic,1970,2,0.1108,0.8892,4503114,0.0444137102,2251557,,,
247,318,Dominican Republic,1975,2,0.1235,0.8765,5149935,0.0388354416,2574967.5,,,
248,319,Dominican Republic,1980,2,0.11,0.89,5809269,0.0344277395,2904634.5,,,
249,320,Dominican Republic,1985,2,0.11,0.89,6488856,0.030822074,3244428,,,
250,321,Dominican Republic,1990,2,0.11,0.89,7183647,0.0278410117,3591823.5,,,
251,322,Dominican Republic,1995,2,0.11,0.89,7892423,0.0253407604,3946211.5,,,
252,323,Dominican Republic,2000,2,0.2,0.8,8562622,0.0233573314,4281311,,,
253,324,Dominican Republic,2005,2,0.18,0.82,9237566,0.0216507249,4618783,,,
254,325,Dominican Republic,2010,2,0.12,0.88,9897985,0.0202061329,4948992.5,,,
255,329,Ecuador,1960,3,0,1,4545550,0.065998614,1515183.33333,,,
256,330,Ecuador,1965,3,0,1,5250119,0.0571415619,1750039.66667,,,
257,331,Ecuador,1970,3,0.0016,0.9984,6072527,0.0494028269,2024175.66667,,,
258,332,Ecuador,1975,3,0,1,6987391,0.0429344801,2329130.33333,,,
259,333,Ecuador,1980,3,0.0017,0.9983,7976445,0.0376107401,2658815,,,
260,334,Ecuador,1985,3,0.0021,0.9979,9045979,0.0331639063,3015326.33333,,,
261,335,Ecuador,1990,3,0.0014,0.9986,10218091,0.0293596916,3406030.33333,,,
262,336,Ecuador,1995,3,0,1,11440583,0.0262224399,3813527.66667,,,
263,337,Ecuador,2000,3,0.075,0.925,12628596,0.0237556099,4209532,,,
264,338,Ecuador,2005,3,0.0814,0.9186,13735233,0.0218416389,4578411,,,
265,339,Ecuador,2010,3,0.085,0.915,14934690,0.0200874608,4978230,,,
266,340,Estonia,1995,3,0.5356,0.4644,1436634,0.2088214535,478878,23.13905,22.5124,Europe
267,341,Estonia,2000,3,0.5444,0.4556,1396985,0.2147481899,465661.666667,23.13905,22.5124,Europe
268,342,Estonia,2005,3,0.6259,0.3741,1354775,0.2214389843,451591.666667,23.13905,22.5124,Europe
269,343,Estonia,2010,3,0.6903,0.3097,1331475,0.2253140314,443825,23.13905,22.5124,Europe
270,347,Finland,1960,5,0.0448,0.9552,4429634,0.1128761428,885926.8,22.97905,0,Europe
271,348,Finland,1965,5,0.053,0.947,4563732,0.109559457,912746.4,22.97905,0,Europe
272,349,Finland,1970,8,0.054,0.946,4606307,0.1736749201,575788.375,22.97905,0,Europe
273,350,Finland,1975,9,0.066,0.934,4711440,0.1910244002,523493.333333,22.97905,0,Europe
274,351,Finland,1980,10,0.078,0.922,4779535,0.2092253744,477953.5,22.97905,0,Europe
275,352,Finland,1985,14,0.09,0.91,4902206,0.2855857139,350157.571429,22.97905,0,Europe
276,353,Finland,1990,15,0.102,0.898,4986431,0.3008163554,332428.733333,22.97905,0,Europe
277,354,Finland,1995,16,0.121,0.879,5107790,0.3132470207,319236.875,22.97905,0,Europe
278,355,Finland,2000,16,0.129,0.871,5176209,0.3091065295,323513.0625,22.97905,0,Europe
279,356,Finland,2005,16,0.147,0.853,5246096,0.3049887002,327881,22.97905,0,Europe
280,357,Finland,2010,16,0.166,0.834,5363352,0.2983209008,335209.5,22.97905,0,Europe
281,361,France,1960,29,0.0853,0.9147,46814237,0.0619469671,1614284.03448,24.05144222,24.88099333,Europe
282,362,France,1965,31,0.0944,0.9056,50023774,0.0619705343,1613670.12903,24.05144222,24.88099333,Europe
283,363,France,1970,84,0.1006,0.8994,52035095,0.1614295121,619465.416667,24.05144222,24.88099333,Europe
284,364,France,1975,92,0.114,0.886,54252574,0.1695772075,589701.891304,24.05144222,24.88099333,Europe
285,365,France,1980,99,0.119,0.881,55340782,0.1788915813,558997.79798,24.05144222,24.88099333,Europe
286,366,France,1985,100,0.1345,0.8655,56795686,0.1760697106,567956.86,24.05144222,24.88099333,Europe
287,367,France,1990,100,0.1615,0.8385,58512808,0.1709027535,585128.08,24.05144222,24.88099333,Europe
288,368,France,1995,101,0.1752,0.8248,59541900,0.1696284465,589523.762376,24.05144222,24.88099333,Europe
289,369,France,2000,101,0.1777,0.8223,60912498,0.1658116205,603094.039604,24.05144222,24.88099333,Europe
290,370,France,2005,101,0.175,0.825,63179356,0.1598623449,625538.178218,24.05144222,24.88099333,Europe
291,371,France,2010,102,0.1915,0.8085,65027512,0.1568566855,637524.627451,24.05144222,24.88099333,Europe
292,372,Georgia,1995,5,0.04,0.96,4734000,0.1056189269,946800,21.1499,0,Asia
293,373,Georgia,2000,5,0.0153,0.9847,4418300,0.1131656972,883660,21.1499,0,Asia
294,374,Georgia,2005,5,0.0389,0.9611,4190000,0.1193317422,838000,21.1499,0,Asia
295,375,Georgia,2010,5,0.0876,0.9124,3926000,0.1273560876,785200,21.1499,0,Asia
296,377,Germany,1990,71,0.1683,0.8317,79433029,0.089383473,1118775.05634,23.94106606,25.83218333,Europe
297,378,Germany,1995,76,0.1882,0.8118,81678051,0.0930482536,1074711.19737,23.94106606,25.83218333,Europe
298,379,Germany,2000,76,0.2651,0.7349,82211508,0.0924444787,1081730.36842,23.94106606,25.83218333,Europe
299,380,Germany,2005,76,0.2311,0.7689,82469422,0.0921553688,1085123.97368,23.94106606,25.83218333,Europe
300,381,Germany,2010,76,0.23,0.77,81776930,0.0929357461,1076012.23684,23.94106606,25.83218333,Europe
301,385,Greece,1960,4,0.0009,0.9991,8331725,0.0480092658,2082931.25,25.6673,25.3182,Europe
302,386,Greece,1965,5,0.0011,0.9989,8550333,0.0584772546,1710066.6,25.6673,25.3182,Europe
303,387,Greece,1970,6,0.0013,0.9987,8792806,0.0682376024,1465467.66667,25.6673,25.3182,Europe
304,388,Greece,1975,8,0.0019,0.9981,9046541,0.0884315895,1130817.625,25.6673,25.3182,Europe
305,389,Greece,1980,9,0.0021,0.9979,9642505,0.0933367419,1071389.44444,25.6673,25.3182,Europe
306,390,Greece,1985,12,0.0091,0.9909,9934300,0.120793614,827858.333333,25.6673,25.3182,Europe
307,391,Greece,1990,15,0.0157,0.9843,10196792,0.1471050895,679786.133333,25.6673,25.3182,Europe
308,392,Greece,1995,15,0.0181,0.9819,10562153,0.1420164999,704143.533333,25.6673,25.3182,Europe
309,393,Greece,2000,15,0.0178,0.9822,10805808,0.1388142377,720387.2,25.6673,25.3182,Europe
310,394,Greece,2005,15,0.0225,0.9775,10987314,0.1365210824,732487.6,25.6673,25.3182,Europe
311,395,Greece,2010,15,0.0261,0.9739,11121341,0.1348758212,741422.733333,25.6673,25.3182,Europe
312,399,Guatemala,1960,1,0,1,4210747,0.0237487553,4210747,,,
313,400,Guatemala,1965,2,0,1,4869716,0.0410701569,2434858,,,
314,401,Guatemala,1970,4,0.0195,0.9805,5621792,0.0711516897,1405448,,,
315,402,Guatemala,1975,5,0.0124,0.9876,6433728,0.0777154396,1286745.6,,,
316,403,Guatemala,1980,5,0.0069,0.9931,7283459,0.0686487011,1456691.8,,,
317,404,Guatemala,1985,5,0.0083,0.9917,8240060,0.0606791698,1648012,,,
318,405,Guatemala,1990,5,0.0092,0.9908,9263813,0.0539734556,1852762.6,,,
319,406,Guatemala,1995,6,0.002,0.998,10408489,0.0576452548,1734748.16667,,,
320,407,Guatemala,2000,10,0.025,0.975,11650743,0.0858314358,1165074.3,,,
321,408,Guatemala,2005,10,0.04,0.96,13096028,0.0763590304,1309602.8,,,
322,409,Guatemala,2010,12,0.0459,0.9541,14630417,0.0820209021,1219201.41667,,,
323,413,Honduras,1960,1,0,1,2038637,0.0490523816,2038637,,,
324,414,Honduras,1965,1,0,1,2346010,0.0426255643,2346010,,,
325,415,Honduras,1970,1,0.0134,0.9866,2716659,0.0368099198,2716659,,,
326,416,Honduras,1975,1,0.0115,0.9885,3153261,0.031713201,3153261,,,
327,417,Honduras,1980,3,0.0032,0.9968,3678286,0.0815597265,1226095.33333,,,
328,418,Honduras,1985,3,0.0034,0.9966,4281189,0.0700739911,1427063,,,
329,419,Honduras,1990,5,0.0208,0.9792,4955328,0.1009014943,991065.6,,,
330,420,Honduras,1995,5,0.0173,0.9827,5709051,0.0875802301,1141810.2,,,
331,421,Honduras,2000,5,0.0153,0.9847,6524283,0.0766367737,1304856.6,,,
332,422,Honduras,2005,5,0.0566,0.9434,7373430,0.0678110459,1474686,,,
333,423,Honduras,2010,5,0.1,0.9,8194778,0.0610144656,1638955.6,,,
334,427,Hungary,1960,13,0.1061,0.8939,9983967,0.1302087637,767997.461538,26.3256,23.26331765,Europe
335,428,Hungary,1965,14,0.1193,0.8807,10147935,0.137959102,724852.5,26.3256,23.26331765,Europe
336,429,Hungary,1970,16,0.1416,0.8584,10337910,0.1547701615,646119.375,26.3256,23.26331765,Europe
337,430,Hungary,1975,17,0.1539,0.8461,10540525,0.1612822891,620030.882353,26.3256,23.26331765,Europe
338,431,Hungary,1980,17,0.1661,0.8339,10711122,0.1587135316,630066,26.3256,23.26331765,Europe
339,432,Hungary,1985,17,0.183,0.817,10648713,0.1596437053,626394.882353,26.3256,23.26331765,Europe
340,433,Hungary,1990,18,0.202,0.798,10373988,0.1735109005,576332.666667,26.3256,23.26331765,Europe
341,434,Hungary,1995,19,0.2201,0.7799,10328965,0.1839487306,543629.736842,26.3256,23.26331765,Europe
342,435,Hungary,2000,22,0.2052,0.7948,10210971,0.2154545341,464135.045455,26.3256,23.26331765,Europe
343,436,Hungary,2005,24,0.2354,0.7646,10087065,0.2379284757,420294.375,26.3256,23.26331765,Europe
344,437,Hungary,2010,24,0.2716,0.7284,10000023,0.239999448,416667.625,26.3256,23.26331765,Europe
345,441,Iceland,1960,1,0.0118,0.9882,175574,0.5695604133,175574,,,
346,442,Iceland,1965,1,0.0104,0.9896,192286,0.5200586626,192286,,,
347,443,Iceland,1970,1,0.0107,0.9893,204438,0.4891458535,204438,,,
348,444,Iceland,1975,2,0.0108,0.9892,217979,0.9175195776,108989.5,,,
349,445,Iceland,1980,2,0.0114,0.9886,228138,0.876662371,114069,,,
350,446,Iceland,1985,2,0.0127,0.9873,241405,0.8284832543,120702.5,,,
351,447,Iceland,1990,4,0.0138,0.9862,254826,1.5696985394,63706.5,,,
352,448,Iceland,1995,4,0.0147,0.9853,267468,1.4955060045,66867,,,
353,449,Iceland,2000,4,0.0215,0.9785,281205,1.4224498142,70301.25,,,
354,450,Iceland,2005,4,0.0244,0.9756,296734,1.3480086542,74183.5,,,
355,451,Iceland,2010,4,0.0325,0.9675,318041,1.257699479,79510.25,,,
356,454,India,1960,40,0.0041,0.9959,449480608,0.0088991603,11237015.2,22.22248462,23.007825,Asia
357,455,India,1965,62,0.0046,0.9954,497702365,0.0124572444,8027457.5,22.22248462,23.007825,Asia
358,456,India,1970,77,0.0049,0.9951,553578513,0.0139094994,7189331.33766,22.22248462,23.007825,Asia
359,457,India,1975,95,0.0057,0.9943,621301720,0.0152904775,6540018.10526,22.22248462,23.007825,Asia
360,458,India,1980,104,0.0062,0.9938,696783517,0.0149257262,6699841.50962,22.22248462,23.007825,Asia
361,459,India,1985,124,0.0094,0.9906,781666671,0.0158635394,6303763.47581,22.22248462,23.007825,Asia
362,460,India,1990,138,0.012,0.988,870133480,0.0158596357,6305315.07246,22.22248462,23.007825,Asia
363,461,India,1995,163,0.0128,0.9872,960482795,0.0169706319,5892532.48466,22.22248462,23.007825,Asia
364,462,India,2000,186,0.0031,0.9969,1053050912,0.0176629637,5661564.04301,22.22248462,23.007825,Asia
365,463,India,2005,233,0.0031,0.9969,1144118674,0.0203650203,4910380.57511,22.22248462,23.007825,Asia
366,464,India,2010,310,0.0031,0.9969,1230980691,0.0251831732,3970905.45484,22.22248462,23.007825,Asia
367,467,Indonesia,1960,23,0.0066,0.9934,87792515,0.0261981332,3817065.86957,23.5741,0,Asia
368,468,Indonesia,1965,52,0.0084,0.9916,100308894,0.0518398698,1929017.19231,23.5741,0,Asia
369,469,Indonesia,1970,55,0.0097,0.9903,114834780,0.0478948973,2087905.09091,23.5741,0,Asia
370,470,Indonesia,1975,56,0.0127,0.9873,130724115,0.0428383088,2334359.19643,23.5741,0,Asia
371,471,Indonesia,1990,99,0.0061,0.9939,181436821,0.0545644481,1832695.16162,23.5741,0,Asia
372,472,Indonesia,1995,101,0.0066,0.9934,196957849,0.0512800076,1950077.71287,23.5741,0,Asia
373,473,Indonesia,2000,109,0.0069,0.9931,211540429,0.0515267935,1940737.88073,23.5741,0,Asia
374,474,Indonesia,2005,114,0.0073,0.9927,226712730,0.0502838989,1988708.15789,23.5741,0,Asia
375,475,Indonesia,2010,118,0.0075,0.9925,242524123,0.0486549538,2055289.17797,23.5741,0,Asia
376,493,Iraq,1960,1,0,1,7289761,0.0137178709,7289761,25.1951,25.35781429,Asia
377,494,Iraq,1965,3,0,1,8375793,0.0358175041,2791931,25.1951,25.35781429,Asia
378,495,Iraq,1970,6,0,1,9917983,0.0604961714,1652997.16667,25.1951,25.35781429,Asia
379,496,Iraq,1975,7,0,1,11684589,0.0599079694,1669227,25.1951,25.35781429,Asia
380,497,Iraq,1980,7,0.0013,0.9987,13653356,0.0512694461,1950479.42857,25.1951,25.35781429,Asia
381,498,Iraq,1985,7,0,1,15576395,0.0449397951,2225199.28571,25.1951,25.35781429,Asia
382,499,Iraq,1990,13,0.0047,0.9953,17469005,0.0744175183,1343769.61538,25.1951,25.35781429,Asia
383,500,Iraq,1995,15,0,1,20208387,0.074226607,1347225.8,25.1951,25.35781429,Asia
384,501,Iraq,2000,19,0.02,0.98,23565413,0.080626637,1240284.89474,25.1951,25.35781429,Asia
385,502,Iraq,2005,24,0.01,0.99,27008426,0.0888611576,1125351.08333,25.1951,25.35781429,Asia
386,503,Iraq,2010,31,0.011,0.989,30762701,0.1007713855,992345.193548,25.1951,25.35781429,Asia
387,507,Ireland,1960,5,0.004,0.996,2828600,0.1767658913,565720,24.32678333,23.8336,Europe
388,508,Ireland,1965,5,0.0022,0.9978,2877300,0.1737740243,575460,24.32678333,23.8336,Europe
389,509,Ireland,1970,8,0.0021,0.9979,2957250,0.2705215995,369656.25,24.32678333,23.8336,Europe
390,510,Ireland,1975,9,0.0026,0.9974,3189550,0.2821714662,354394.444444,24.32678333,23.8336,Europe
391,511,Ireland,1980,11,0.0031,0.9969,3412800,0.3223159869,310254.545455,24.32678333,23.8336,Europe
392,512,Ireland,1985,11,0.0112,0.9888,3538082,0.3109029129,321643.818182,24.32678333,23.8336,Europe
393,513,Ireland,1990,13,0.0188,0.9812,3513974,0.3699515136,270305.692308,24.32678333,23.8336,Europe
394,514,Ireland,1995,15,0.0244,0.9756,3608841,0.4156459096,240589.4,24.32678333,23.8336,Europe
395,515,Ireland,2000,15,0.0353,0.9647,3805174,0.3942001075,253678.266667,24.32678333,23.8336,Europe
396,516,Ireland,2005,15,0.0439,0.9561,4159914,0.3605843775,277327.6,24.32678333,23.8336,Europe
397,517,Ireland,2010,15,0.0605,0.9395,4560155,0.3289361875,304010.333333,24.32678333,23.8336,Europe
398,520,Israel,1960,5,0,1,2114020,0.2365162108,422804,22.53725,26.5764,Asia
399,521,Israel,1965,6,0,1,2563000,0.2341006633,427166.666667,22.53725,26.5764,Asia
400,522,Israel,1970,7,0,1,2974000,0.2353732347,424857.142857,22.53725,26.5764,Asia
401,523,Israel,1975,8,0,1,3455000,0.2315484805,431875,22.53725,26.5764,Asia
402,524,Israel,1980,8,0,1,3878000,0.206291903,484750,22.53725,26.5764,Asia
403,525,Israel,1985,9,0,1,4233000,0.2126151665,470333.333333,22.53725,26.5764,Asia
404,526,Israel,1990,9,0,1,4660000,0.1931330472,517777.777778,22.53725,26.5764,Asia
405,527,Israel,1995,9,0,1,5545000,0.1623083859,616111.111111,22.53725,26.5764,Asia
406,528,Israel,2000,9,0.0217,0.9783,6289000,0.1431070122,698777.777778,22.53725,26.5764,Asia
407,529,Israel,2005,9,0.0453,0.9547,6930100,0.1298682559,770011.111111,22.53725,26.5764,Asia
408,530,Israel,2010,9,0.045,0.955,7623600,0.1180544625,847066.666667,22.53725,26.5764,Asia
409,534,Italy,1960,21,0.0726,0.9274,50199700,0.0418329193,2390461.90476,24.8225,24.83259522,Europe
410,535,Italy,1965,21,0.0964,0.9036,52112350,0.0402975494,2481540.47619,24.8225,24.83259522,Europe
411,536,Italy,1970,23,0.1149,0.8851,53821850,0.0427335738,2340080.43478,24.8225,24.83259522,Europe
412,537,Italy,1975,23,0.121,0.879,55441001,0.0414855424,2410478.30435,24.8225,24.83259522,Europe
413,538,Italy,1980,27,0.1282,0.8718,56433883,0.0478435978,2090143.81481,24.8225,24.83259522,Europe
414,539,Italy,1985,36,0.1359,0.8641,56593071,0.0636120277,1572029.75,24.8225,24.83259522,Europe
415,540,Italy,1990,39,0.1436,0.8564,56719240,0.0687597366,1454339.48718,24.8225,24.83259522,Europe
416,541,Italy,1995,44,0.1536,0.8464,56844303,0.0774044147,1291915.97727,24.8225,24.83259522,Europe
417,542,Italy,2000,44,0.1257,0.8743,56942108,0.0772714631,1294138.81818,24.8225,24.83259522,Europe
418,543,Italy,2005,44,0.1109,0.8891,57969484,0.0759020039,1317488.27273,24.8225,24.83259522,Europe
419,544,Italy,2010,44,0.1868,0.8132,59277417,0.0742272559,1347214.02273,24.8225,24.83259522,Europe
420,545,Jamaica,1960,1,0.1694,0.8306,1628252,0.0614155548,1628252,,,
421,546,Jamaica,1965,1,0.107,0.893,1756266,0.056938983,1756266,,,
422,547,Jamaica,1970,1,0.1006,0.8994,1875381,0.0533224982,1875381,,,
423,548,Jamaica,1975,1,0.0673,0.9327,2027737,0.0493160602,2027737,,,
424,549,Jamaica,1980,1,0.0231,0.9769,2163045,0.0462311233,2163045,,,
425,550,Jamaica,1985,1,0.11,0.89,2338638,0.0427599312,2338638,,,
426,551,Jamaica,1990,1,0.2558,0.7442,2424242,0.0412500072,2424242,,,
427,552,Jamaica,1995,1,0.2548,0.7452,2537440,0.0394097989,2537440,,,
428,553,Jamaica,2000,1,0.2373,0.7627,2656864,0.0376383586,2656864,,,
429,554,Jamaica,2005,1,0.2236,0.7764,2744673,0.0364342127,2744673,,,
430,555,Jamaica,2010,1,0.1994,0.8006,2817210,0.0354961114,2817210,,,
431,559,Japan,1960,69,0.0673,0.9327,92500572,0.0745941333,1340588,21.66601875,0,Asia
432,560,Japan,1965,70,0.0881,0.9119,98883000,0.0707907325,1412614.28571,21.66601875,0,Asia
433,561,Japan,1970,71,0.1062,0.8938,104345000,0.0680435095,1469647.88732,21.66601875,0,Asia
434,562,Japan,1975,75,0.1018,0.8982,111940000,0.0670001787,1492533.33333,21.66601875,0,Asia
435,563,Japan,1980,79,0.1005,0.8995,116782000,0.0676474114,1478253.16456,21.66601875,0,Asia
436,564,Japan,1985,81,0.0999,0.9001,120754000,0.0670785233,1490790.12346,21.66601875,0,Asia
437,565,Japan,1990,83,0.0996,0.9004,123537000,0.067186349,1488397.59036,21.66601875,0,Asia
438,566,Japan,1995,84,0.1153,0.8847,125439000,0.0669648196,1493321.42857,21.66601875,0,Asia
439,567,Japan,2000,85,0.112,0.888,126843000,0.0670119754,1492270.58824,21.66601875,0,Asia
440,568,Japan,2005,88,0.12,0.88,127773000,0.0688721404,1451965.90909,21.66601875,0,Asia
441,569,Japan,2010,88,0.095,0.905,128070000,0.0687124229,1455340.90909,21.66601875,0,Asia
442,573,Jordan,1960,0,0,1,932257,0,inf,0,27.5854,Asia
443,574,Jordan,1965,1,0.012,0.988,1172550,0.0852842096,1172550,0,27.5854,Asia
444,575,Jordan,1970,1,0.02,0.98,1718913,0.058176301,1718913,0,27.5854,Asia
445,576,Jordan,1975,1,0,1,2062918,0.0484750242,2062918,0,27.5854,Asia
446,577,Jordan,1980,2,0.0125,0.9875,2374422,0.0842310255,1187211,0,27.5854,Asia
447,578,Jordan,1985,3,0,1,2895985,0.1035916968,965328.333333,0,27.5854,Asia
448,579,Jordan,1990,7,0.0164,0.9836,3560582,0.1965970732,508654.571429,0,27.5854,Asia
449,580,Jordan,1995,15,0,1,4572904,0.3280191318,304860.266667,0,27.5854,Asia
450,581,Jordan,2000,19,0,1,5103130,0.372320517,268585.789474,0,27.5854,Asia
451,582,Jordan,2005,24,0,1,5714111,0.4200128419,238087.958333,0,27.5854,Asia
452,583,Jordan,2010,26,0,1,7182390,0.3619964942,276245.769231,0,27.5854,Asia
453,597,Kuwait,1960,0,0,1,269618,0,inf,,,
454,598,Kuwait,1965,0,0,1,473554,0,inf,,,
455,599,Kuwait,1970,1,0,1,746767,0.1339105772,746767,,,
456,600,Kuwait,1975,1,0,1,1024940,0.0975666868,1024940,,,
457,601,Kuwait,1980,1,0,1,1372318,0.0728694078,1372318,,,
458,602,Kuwait,1985,1,0,1,1738994,0.0575045112,1738994,,,
459,603,Kuwait,1990,1,0.0035,0.9965,2099615,0.0476277794,2099615,,,
460,604,Kuwait,1995,1,0.0059,0.9941,1610651,0.0620866966,1610651,,,
461,605,Kuwait,2000,2,0,1,2050741,0.0975257236,1025370.5,,,
462,606,Kuwait,2005,6,0,1,2276623,0.2635482467,379437.166667,,,
463,607,Kuwait,2010,6,0,1,2998083,0.2001278817,499680.5,,,
464,608,Latvia,1995,4,0.45,0.55,2485056,0.1609621675,621264,25.4018,0,Europe
465,609,Latvia,2000,4,0.4455,0.5545,2367550,0.1689510253,591887.5,25.4018,0,Europe
466,610,Latvia,2005,4,0.4129,0.5871,2238799,0.1786672229,559699.75,25.4018,0,Europe
467,611,Latvia,2010,4,0.2006,0.7994,2097555,0.1906982177,524388.75,25.4018,0,Europe
468,612,Lithuania,1995,7,0.14,0.86,3629102,0.1928851821,518443.142857,23.80155,0,Europe
469,613,Lithuania,2000,7,0.1294,0.8706,3499536,0.2000265178,499933.714286,23.80155,0,Europe
470,614,Lithuania,2005,7,0.1318,0.8682,3322528,0.2106829499,474646.857143,23.80155,0,Europe
471,615,Lithuania,2010,7,0.1521,0.8479,3097282,0.2260046066,442468.857143,23.80155,0,Europe
472,620,Malta,1965,2,0.0043,0.9957,318800,0.6273525721,159400,,,
473,621,Malta,1970,2,0.0049,0.9951,302650,0.6608293408,151325,,,
474,622,Malta,1975,2,0.0053,0.9947,304222,0.6574146511,152111,,,
475,623,Malta,1980,2,0.0054,0.9946,316645,0.6316221636,158322.5,,,
476,624,Malta,1985,2,0.0055,0.9945,336452,0.594438434,168226,,,
477,625,Malta,1990,2,0.0056,0.9944,354170,0.5647005675,177085,,,
478,626,Malta,1995,2,0.0105,0.9895,377419,0.5299150281,188709.5,,,
479,627,Malta,2000,2,0.02,0.98,390087,0.5127061399,195043.5,,,
480,628,Malta,2005,2,0.0161,0.9839,403834,0.495253,201917,,,
481,629,Malta,2010,2,0.015,0.985,414508,0.4824997346,207254,,,
482,633,Mexico,1960,27,0.0053,0.9947,38174112,0.0707285608,1413856,21.612,0,North America
483,634,Mexico,1965,27,0,1,44623043,0.0605068552,1652705.2963,21.612,0,North America
484,635,Mexico,1970,28,0.0403,0.9597,52029861,0.0538152504,1858209.32143,21.612,0,North America
485,636,Mexico,1975,31,0.0563,0.9437,60872399,0.0509262006,1963625.77419,21.612,0,North America
486,637,Mexico,1980,34,0.0278,0.9722,69360871,0.0490189923,2040025.61765,21.612,0,North America
487,638,Mexico,1985,34,0,1,77360707,0.0439499603,2275314.91176,21.612,0,North America
488,639,Mexico,1990,35,0.0295,0.9705,85357874,0.0410038329,2438796.4,21.612,0,North America
489,640,Mexico,1995,37,0.0249,0.9751,94045579,0.0393426256,2541772.40541,21.612,0,North America
490,641,Mexico,2000,37,0.0207,0.9793,101719673,0.0363744779,2749180.35135,21.612,0,North America
491,642,Mexico,2005,38,0.0586,0.9414,108472228,0.0350320084,2854532.31579,21.612,0,North America
492,643,Mexico,2010,38,0.0272,0.9728,117318941,0.0323903367,3087340.55263,21.612,0,North America
493,651,Mongolia,1960,2,0.4897,0.5103,955505,0.2093133997,477752.5,,,
494,652,Mongolia,1965,2,0.54,0.46,1107124,0.1806482381,553562,,,
495,653,Mongolia,1970,2,0.5943,0.4057,1278825,0.1563935644,639412.5,,,
496,654,Mongolia,1975,2,0.45,0.55,1479651,0.135167009,739825.5,,,
497,655,Mongolia,1980,2,0.34,0.66,1689622,0.1183696708,844811,,,
498,656,Mongolia,1985,2,0.33,0.67,1921881,0.1040647158,960940.5,,,
499,657,Mongolia,1990,2,0.3162,0.6838,2184145,0.0915690121,1092072.5,,,
500,658,Mongolia,1995,3,0.25,0.75,2298039,0.1305460873,766013,,,
501,659,Mongolia,2000,4,0.1039,0.8961,2397436,0.1668449126,599359,,,
502,660,Mongolia,2005,7,0.1039,0.8961,2526446,0.2770690527,360920.857143,,,
503,661,Mongolia,2010,7,0.3095,0.6905,2712650,0.2580502461,387521.428571,,,
504,662,Montenegro,2010,1,0.0451,0.9549,619428,0.1614392633,619428,0,23.5111,Europe
505,664,Netherlands,1960,11,0.0801,0.9199,11486631,0.0957635011,1044239.18182,23.75125517,25.1582,Europe
506,665,Netherlands,1965,12,0.0892,0.9108,12294732,0.0976027782,1024561,23.75125517,25.1582,Europe
507,666,Netherlands,1970,13,0.0977,0.9023,13038526,0.0997045218,1002963.53846,23.75125517,25.1582,Europe
508,667,Netherlands,1975,15,0.1232,0.8768,13666335,0.1097587612,911089,23.75125517,25.1582,Europe
509,668,Netherlands,1980,15,0.1478,0.8522,14149800,0.1060085655,943320,23.75125517,25.1582,Europe
510,669,Netherlands,1985,16,0.1726,0.8274,14491632,0.1104085447,905727,23.75125517,25.1582,Europe
511,670,Netherlands,1990,16,0.1945,0.8055,14951510,0.1070126027,934469.375,23.75125517,25.1582,Europe
512,671,Netherlands,1995,16,0.2145,0.7855,15459006,0.1034995394,966187.875,23.75125517,25.1582,Europe
513,672,Netherlands,2000,16,0.2566,0.7434,15925513,0.1004677212,995344.5625,23.75125517,25.1582,Europe
514,673,Netherlands,2005,17,0.2548,0.7452,16319868,0.1041675092,959992.235294,23.75125517,25.1582,Europe
515,674,Netherlands,2010,17,0.34,0.66,16615394,0.102314757,977376.117647,23.75125517,25.1582,Europe
516,678,New Zealand,1960,6,0.0269,0.9731,2371800,0.252972426,395300,24.13163333,0,Oceania
517,679,New Zealand,1965,7,0.031,0.969,2628400,0.2663217166,375485.714286,24.13163333,0,Oceania
518,680,New Zealand,1970,7,0.0352,0.9648,2810700,0.2490482798,401528.571429,24.13163333,0,Oceania
519,681,New Zealand,1975,7,0.0547,0.9453,3083100,0.2270442088,440442.857143,24.13163333,0,Oceania
520,682,New Zealand,1980,7,0.0766,0.9234,3112900,0.2248706993,444700,24.13163333,0,Oceania
521,683,New Zealand,1985,7,0.104,0.896,3247100,0.2155769764,463871.428571,24.13163333,0,Oceania
522,684,New Zealand,1990,7,0.13,0.87,3329800,0.2102228362,475685.714286,24.13163333,0,Oceania
523,685,New Zealand,1995,7,0.19,0.81,3673400,0.190559155,524771.428571,24.13163333,0,Oceania
524,686,New Zealand,2000,8,0.2676,0.7324,3857700,0.2073774529,482212.5,24.13163333,0,Oceania
525,687,New Zealand,2005,8,0.3919,0.6081,4133900,0.1935218559,516737.5,24.13163333,0,Oceania
526,688,New Zealand,2010,8,0.3919,0.6081,4350700,0.1838784563,543837.5,24.13163333,0,Oceania
527,692,Nicaragua,1960,3,0,1,1774699,0.1690427503,591566.333333,,,
528,693,Nicaragua,1965,4,0,1,2062630,0.1939271707,515657.5,,,
529,694,Nicaragua,1970,5,0.01,0.99,2398096,0.2084987423,479619.2,,,
530,695,Nicaragua,1975,5,0.0056,0.9944,2796746,0.1787791955,559349.2,,,
531,696,Nicaragua,1980,5,0.0023,0.9977,3249910,0.1538504143,649982,,,
532,697,Nicaragua,1985,6,0.0091,0.9909,3709091,0.1617647019,618181.833333,,,
533,698,Nicaragua,1990,6,0.0121,0.9879,4144565,0.1447679069,690760.833333,,,
534,699,Nicaragua,1995,9,0.03,0.97,4612228,0.1951334583,512469.777778,,,
535,700,Nicaragua,2000,22,0.0435,0.9565,5026796,0.4376545219,228490.727273,,,
536,701,Nicaragua,2005,28,0.09,0.91,5379328,0.5205111122,192118.857143,,,
537,702,Nicaragua,2010,32,0.09,0.91,5737723,0.5577125281,179303.84375,,,
538,706,Norway,1960,2,0.03,0.97,3581239,0.0558465939,1790619.5,23.431525,23.0819,Europe
539,707,Norway,1965,2,0.04,0.96,3723168,0.0537176942,1861584,23.431525,23.0819,Europe
540,708,Norway,1970,3,0.06,0.94,3875763,0.0774041137,1291921,23.431525,23.0819,Europe
541,709,Norway,1975,3,0.08,0.92,4007313,0.0748631315,1335771,23.431525,23.0819,Europe
542,710,Norway,1980,3,0.09,0.91,4085620,0.0734282679,1361873.33333,23.431525,23.0819,Europe
543,711,Norway,1985,3,0.09,0.91,4152516,0.0722453568,1384172,23.431525,23.0819,Europe
544,712,Norway,1990,3,0.08,0.92,4241473,0.0707301449,1413824.33333,23.431525,23.0819,Europe
545,713,Norway,1995,3,0.06,0.94,4359184,0.0688202196,1453061.33333,23.431525,23.0819,Europe
546,714,Norway,2000,4,0.073,0.927,4490967,0.0890676774,1122741.75,23.431525,23.0819,Europe
547,715,Norway,2005,4,0.0746,0.9254,4623291,0.0865184562,1155822.75,23.431525,23.0819,Europe
548,716,Norway,2010,4,0.1105,0.8895,4889252,0.0818121054,1222313,23.431525,23.0819,Europe
549,717,Oman,1970,0,0,1,723852,0,inf,,,
550,718,Oman,1975,0,0,1,882044,0,inf,,,
551,719,Oman,1980,0,0.0021,0.9979,1154379,0,inf,,,
552,720,Oman,1985,0,0,1,1498417,0,inf,,,
553,721,Oman,1990,1,0.0019,0.9981,1812160,0.0551827653,1812160,,,
554,722,Oman,1995,2,0,1,2204283,0.0907324513,1102141.5,,,
555,723,Oman,2000,3,0,1,2267991,0.1322756572,755997,,,
556,724,Oman,2005,10,0,1,2511269,0.3982050509,251126.9,,,
557,725,Oman,2010,13,0,1,3041460,0.4274263018,233958.461538,,,
558,729,Panama,1960,2,0,1,1132921,0.1765348158,566460.5,,,
559,730,Panama,1965,3,0,1,1314626,0.2282017851,438208.666667,,,
560,731,Panama,1970,3,0,1,1519299,0.1974594863,506433,,,
561,732,Panama,1975,3,0,1,1745205,0.1718995763,581735,,,
562,733,Panama,1980,3,0.0068,0.9932,1978578,0.1516240451,659526,,,
563,734,Panama,1985,4,0,1,2219276,0.1802389608,554819,,,
564,735,Panama,1990,4,0.0131,0.9869,2471009,0.1618771927,617752.25,,,
565,736,Panama,1995,4,0,1,2739730,0.1459997883,684932.5,,,
566,737,Panama,2000,5,0,1,3030347,0.1649976059,606069.4,,,
567,738,Panama,2005,5,0,1,3330465,0.1501291862,666093,,,
568,739,Panama,2010,5,0,1,3643222,0.1372411563,728644.4,,,
569,743,Paraguay,1960,1,0,1,1902875,0.0525520594,1902875,,,
570,744,Paraguay,1965,1,0,1,2170859,0.0460647145,2170859,,,
571,745,Paraguay,1970,1,0.0052,0.9948,2474106,0.0404186401,2474106,,,
572,746,Paraguay,1975,1,0.0046,0.9954,2790962,0.0358299396,2790962,,,
573,747,Paraguay,1980,1,0.0039,0.9961,3180630,0.0314403121,3180630,,,
574,748,Paraguay,1985,1,0,1,3671826,0.027234406,3671826,,,
575,749,Paraguay,1990,1,0.0047,0.9953,4213742,0.0237318754,4213742,,,
576,750,Paraguay,1995,1,0,1,4760850,0.0210046525,4760850,,,
577,751,Paraguay,2000,1,0.025,0.975,5302700,0.0188583175,5302700,,,
578,752,Paraguay,2005,1,0.032,0.968,5795494,0.0172547845,5795494,,,
579,753,Paraguay,2010,1,0.03,0.97,6209877,0.0161033785,6209877,,,
580,757,Peru,1960,4,0,1,10061515,0.0397554444,2515378.75,0,22.9902,South America
581,758,Peru,1965,4,0,1,11607681,0.0344599408,2901920.25,0,22.9902,South America
582,759,Peru,1970,4,0.0013,0.9987,13341069,0.0299826048,3335267.25,0,22.9902,South America
583,760,Peru,1975,4,0.0014,0.9986,15229947,0.0262640441,3807486.75,0,22.9902,South America
584,761,Peru,1980,4,0.004,0.996,17359120,0.0230426427,4339780,0,22.9902,South America
585,762,Peru,1985,4,0.0038,0.9962,19544956,0.0204656383,4886239,0,22.9902,South America
586,763,Peru,1990,4,0.0039,0.9961,21826658,0.0183262138,5456664.5,0,22.9902,South America
587,764,Peru,1995,4,0.0038,0.9962,24038760,0.0166397934,6009690,0,22.9902,South America
588,765,Peru,2000,4,0.018,0.982,25914879,0.0154351483,6478719.75,0,22.9902,South America
589,766,Peru,2005,4,0.031,0.969,27610410,0.0144872894,6902602.5,0,22.9902,South America
590,767,Peru,2010,4,0.04,0.96,29373646,0.013617649,7343411.5,0,22.9902,South America
591,771,Poland,1960,40,0.0367,0.9633,29637450,0.1349643778,740936.25,23.84411364,25.002925,Europe
592,772,Poland,1965,41,0.0342,0.9658,31444950,0.1303865963,766950,23.84411364,25.002925,Europe
593,773,Poland,1970,47,0.0305,0.9695,32664300,0.1438879756,694985.106383,23.84411364,25.002925,Europe
594,774,Poland,1975,48,0.0295,0.9705,34015199,0.1411133888,708649.979167,23.84411364,25.002925,Europe
595,775,Poland,1980,48,0.0297,0.9703,35574150,0.1349294361,741128.125,23.84411364,25.002925,Europe
596,776,Poland,1985,49,0.0282,0.9718,37201885,0.1317137559,759222.142857,23.84411364,25.002925,Europe
597,777,Poland,1990,49,0.0273,0.9727,38110782,0.1285725389,777771.061224,23.84411364,25.002925,Europe
598,778,Poland,1995,50,0.0324,0.9676,38594998,0.1295504666,771899.96,23.84411364,25.002925,Europe
599,779,Poland,2000,52,0.05,0.95,38258629,0.1359170502,735742.865385,23.84411364,25.002925,Europe
600,780,Poland,2005,56,0.055,0.945,38165445,0.1467295875,681525.803571,23.84411364,25.002925,Europe
601,781,Poland,2010,60,0.08,0.92,38042794,0.1577171225,634046.566667,23.84411364,25.002925,Europe
602,785,Portugal,1960,3,0.0165,0.9835,8857716,0.0338687761,2952572,24.7417,25.136,Europe
603,786,Portugal,1965,3,0.0255,0.9745,8998595,0.0333385378,2999531.66667,24.7417,25.136,Europe
604,787,Portugal,1970,3,0.0352,0.9648,8680431,0.0345604959,2893477,24.7417,25.136,Europe
605,788,Portugal,1975,6,0.0399,0.9601,9093470,0.065981413,1515578.33333,24.7417,25.136,Europe
606,789,Portugal,1980,7,0.0417,0.9583,9766312,0.0716749578,1395187.42857,24.7417,25.136,Europe
607,790,Portugal,1985,7,0.0451,0.9549,10023613,0.0698350984,1431944.71429,24.7417,25.136,Europe
608,791,Portugal,1990,7,0.04,0.96,9983218,0.0701176715,1426174,24.7417,25.136,Europe
609,792,Portugal,1995,7,0.0534,0.9466,10026176,0.0698172464,1432310.85714,24.7417,25.136,Europe
610,793,Portugal,2000,7,0.0347,0.9653,10289898,0.0680278852,1469985.42857,24.7417,25.136,Europe
611,794,Portugal,2005,7,0.0511,0.9489,10503330,0.0666455305,1500475.71429,24.7417,25.136,Europe
612,795,Portugal,2010,7,0.0691,0.9309,10573100,0.0662057486,1510442.85714,24.7417,25.136,Europe
613,796,Qatar,1970,0,0,1,109514,0,inf,,,
614,797,Qatar,1975,1,0,1,164413,0.6082244105,164413,,,
615,798,Qatar,1980,1,0,1,223775,0.4468774439,223775,,,
616,799,Qatar,1985,1,0,1,371081,0.2694829431,371081,,,
617,800,Qatar,1990,1,0,1,476445,0.209887815,476445,,,
618,801,Qatar,1995,2,0,1,513455,0.3895180688,256727.5,,,
619,802,Qatar,2000,2,0.0177,0.9823,592267,0.3376855371,296133.5,,,
620,803,Qatar,2005,2,0.0358,0.9642,864863,0.2312504986,432431.5,,,
621,804,Qatar,2010,2,0.0177,0.9823,1779676,0.1123800062,889838,,,
622,808,Romania,1960,16,0.0537,0.9463,18406905,0.0869239017,1150431.5625,22.492475,23.9304,Europe
623,809,Romania,1965,18,0.0526,0.9474,19031576,0.0945796607,1057309.77778,22.492475,23.9304,Europe
624,810,Romania,1970,18,0.068,0.932,20250398,0.0888871419,1125022.11111,22.492475,23.9304,Europe
625,811,Romania,1975,20,0.0817,0.9183,21293583,0.0939250102,1064679.15,22.492475,23.9304,Europe
626,812,Romania,1980,20,0.0894,0.9106,22242653,0.0899173314,1112132.65,22.492475,23.9304,Europe
627,813,Romania,1985,20,0.0877,0.9123,22755427,0.0878911215,1137771.35,22.492475,23.9304,Europe
628,814,Romania,1990,33,0.0847,0.9153,23201835,0.1422301296,703085.909091,22.492475,23.9304,Europe
629,815,Romania,1995,51,0.0507,0.9493,22684270,0.2248253966,444789.607843,22.492475,23.9304,Europe
630,816,Romania,2000,54,0.0103,0.9897,22442971,0.2406098551,415610.574074,22.492475,23.9304,Europe
631,817,Romania,2005,55,0.0119,0.9881,21319685,0.2579775452,387630.636364,22.492475,23.9304,Europe
632,818,Romania,2010,55,0.0163,0.9837,20246871,0.2716469128,368124.927273,22.492475,23.9304,Europe
633,822,Russia,1960,26,0.496,0.504,119897000,0.0216852799,4611423.07692,23.07261731,0,
634,823,Russia,1965,26,0.5007,0.4993,126745000,0.0205136297,4874807.69231,23.07261731,0,
635,824,Russia,1970,31,0.5147,0.4853,130404000,0.0237722769,4206580.64516,23.07261731,0,
636,825,Russia,1975,40,0.5365,0.4635,134200000,0.0298062593,3355000,23.07261731,0,
637,826,Russia,1980,42,0.5579,0.4421,139010000,0.0302136537,3309761.90476,23.07261731,0,
638,827,Russia,1985,45,0.5758,0.4242,143858000,0.0312808464,3196844.44444,23.07261731,0,
639,828,Russia,1990,50,0.6087,0.3913,148292000,0.0337172605,2965840,23.07261731,0,
640,829,Russia,1995,107,0.63,0.37,148375726,0.0721142217,1386689.02804,23.07261731,0,
641,830,Russia,2000,108,0.1211,0.8789,146596557,0.0736715802,1357375.52778,23.07261731,0,
642,831,Russia,2005,108,0.1202,0.8798,143518523,0.0752516106,1328875.21296,23.07261731,0,
643,832,Russia,2010,108,0.1404,0.8596,142849449,0.0756040718,1322680.08333,23.07261731,0,
644,837,Slovenia,1995,3,0.0717,0.9283,1989872,0.1507634662,663290.666667,24.1165,0,Europe
645,838,Slovenia,2000,3,0.1016,0.8984,1988925,0.1508352502,662975,24.1165,0,Europe
646,839,Slovenia,2005,3,0.1736,0.8264,2000474,0.1499644584,666824.666667,24.1165,0,Europe
647,840,Slovenia,2010,3,0.24,0.76,2048583,0.1464426875,682861,24.1165,0,Europe
648,844,South Africa,1960,6,0.0051,0.9949,17396367,0.0344899599,2899394.5,23.01015,23.2407,Africa
649,845,South Africa,1965,6,0.0062,0.9938,19813947,0.0302817001,3302324.5,23.01015,23.2407,Africa
650,846,South Africa,1970,7,0.0069,0.9931,22502502,0.0311076519,3214643.14286,23.01015,23.2407,Africa
651,847,South Africa,1975,7,0.0205,0.9795,25698856,0.0272385666,3671265.14286,23.01015,23.2407,Africa
652,848,South Africa,1980,8,0.0308,0.9692,29077143,0.0275130194,3634642.875,23.01015,23.2407,Africa
653,849,South Africa,1985,9,0.0384,0.9616,32983013,0.0272867733,3664779.22222,23.01015,23.2407,Africa
654,850,South Africa,1990,9,0.0393,0.9607,36793490,0.0244608489,4088165.55556,23.01015,23.2407,Africa
655,851,South Africa,1995,9,0.0788,0.9212,41426810,0.0217250616,4602978.88889,23.01015,23.2407,Africa
656,852,South Africa,2000,9,0.0458,0.9542,44896856,0.0200459471,4988539.55556,23.01015,23.2407,Africa
657,853,South Africa,2005,16,0.0533,0.9467,47606670.244,0.0336087357,2975416.89025,23.01015,23.2407,Africa
658,854,South Africa,2010,16,0.064,0.936,50979432.3622,0.0313852063,3186214.52264,23.01015,23.2407,Africa
659,858,Spain,1960,32,0.0132,0.9868,30455000,0.1050730586,951718.75,23.95731,25.35343333,Europe
660,859,Spain,1965,34,0.0162,0.9838,31954292,0.1064019819,939832.117647,23.95731,25.35343333,Europe
661,860,Spain,1970,37,0.0183,0.9817,33814531,0.1094204146,913906.243243,23.95731,25.35343333,Europe
662,861,Spain,1975,44,0.0205,0.9795,35757900,0.1230497317,812679.545455,23.95731,25.35343333,Europe
663,862,Spain,1980,50,0.0201,0.9799,37491165,0.1333647541,749823.3,23.95731,25.35343333,Europe
664,863,Spain,1985,51,0.0307,0.9693,38469512,0.1325725161,754304.156863,23.95731,25.35343333,Europe
665,864,Spain,1990,56,0.0326,0.9674,38867322,0.1440799034,694059.321429,23.95731,25.35343333,Europe
666,865,Spain,1995,65,0.0406,0.9594,39724050,0.1636288344,611139.230769,23.95731,25.35343333,Europe
667,866,Spain,2000,65,0.125,0.875,40567864,0.1602253449,624120.984615,23.95731,25.35343333,Europe
668,867,Spain,2005,65,0.135,0.865,43653155,0.1489010359,671587,23.95731,25.35343333,Europe
669,868,Spain,2010,65,0.16,0.84,46576897,0.1395541657,716567.646154,23.95731,25.35343333,Europe
670,872,Sweden,1960,4,0.03,0.97,7484656,0.0534426699,1871164,23.99741364,24.32313333,Europe
671,873,Sweden,1965,5,0.04,0.96,7733853,0.064650828,1546770.6,23.99741364,24.32313333,Europe
672,874,Sweden,1970,5,0.05,0.95,8042801,0.0621673967,1608560.2,23.99741364,24.32313333,Europe
673,875,Sweden,1975,6,0.06,0.94,8192437,0.0732382806,1365406.16667,23.99741364,24.32313333,Europe
674,876,Sweden,1980,6,0.0664,0.9336,8310531,0.0721975527,1385088.5,23.99741364,24.32313333,Europe
675,877,Sweden,1985,6,0.06,0.94,8350386,0.0718529658,1391731,23.99741364,24.32313333,Europe
676,878,Sweden,1990,6,0.06,0.94,8558835,0.0701029988,1426472.5,23.99741364,24.32313333,Europe
677,879,Sweden,1995,6,0.07,0.93,8826939,0.0679737336,1471156.5,23.99741364,24.32313333,Europe
678,880,Sweden,2000,6,0.089,0.911,8872109,0.0676276633,1478684.83333,23.99741364,24.32313333,Europe
679,881,Sweden,2005,6,0.11,0.89,9029572,0.0664483322,1504928.66667,23.99741364,24.32313333,Europe
680,882,Sweden,2010,6,0.16,0.84,9378126,0.063978667,1563021,23.99741364,24.32313333,Europe
681,886,Switzerland,1960,9,0.0054,0.9946,5327827,0.1689244039,591980.777778,23.99348077,24.34595,Europe
682,887,Switzerland,1965,9,0.0083,0.9917,5856472,0.1536761381,650719.111111,23.99348077,24.34595,Europe
683,888,Switzerland,1970,9,0.0108,0.9892,6180877,0.1456104045,686764.111111,23.99348077,24.34595,Europe
684,889,Switzerland,1975,9,0.0124,0.9876,6338632,0.1419864728,704292.444444,23.99348077,24.34595,Europe
685,890,Switzerland,1980,9,0.0382,0.9618,6319408,0.1424184037,702156.444444,23.99348077,24.34595,Europe
686,891,Switzerland,1985,9,0.0495,0.9505,6470365,0.1390957079,718929.444444,23.99348077,24.34595,Europe
687,892,Switzerland,1990,9,0.0757,0.9243,6715519,0.1340179367,746168.777778,23.99348077,24.34595,Europe
688,893,Switzerland,1995,9,0.0938,0.9062,7040687,0.1278284349,782298.555556,23.99348077,24.34595,Europe
689,894,Switzerland,2000,9,0.1096,0.8904,7184250,0.125274037,798250,23.99348077,24.34595,Europe
690,895,Switzerland,2005,9,0.0828,0.9172,7437115,0.1210146677,826346.111111,23.99348077,24.34595,Europe
691,896,Switzerland,2010,9,0.1342,0.8658,7824909,0.115017312,869434.333333,23.99348077,24.34595,Europe
692,899,Syrian Arab Republic,1960,2,0,1,4573512,0.04373007,2286756,,,
693,900,Syrian Arab Republic,1965,2,0,1,5373137,0.0372222037,2686568.5,,,
694,901,Syrian Arab Republic,1970,2,0.0092,0.9908,6350541,0.0314933799,3175270.5,,,
695,902,Syrian Arab Republic,1975,3,0,1,7535714,0.039810428,2511904.66667,,,
696,903,Syrian Arab Republic,1980,4,0,1,8930774,0.0447889511,2232693.5,,,
697,904,Syrian Arab Republic,1985,4,0,1,10648632,0.0375635105,2662158,,,
698,905,Syrian Arab Republic,1990,4,0.0027,0.9973,12446171,0.0321383982,3111542.75,,,
699,906,Syrian Arab Republic,1995,4,0,1,14345492,0.0278833239,3586373,,,
700,907,Syrian Arab Republic,2000,4,0.0076,0.9924,16410848,0.0243741213,4102712,,,
701,908,Syrian Arab Republic,2005,11,0.0146,0.9854,18294611,0.0601269959,1663146.45455,,,
702,909,Syrian Arab Republic,2010,21,0.0146,0.9854,21018834,0.0999103946,1000896.85714,,,
703,923,Trinidad and Tobago,1960,1,0.0257,0.9743,848479,0.1178579552,848479,,,
704,924,Trinidad and Tobago,1965,1,0.0121,0.9879,912417,0.1095990101,912417,,,
705,925,Trinidad and Tobago,1970,1,0.001,0.999,945993,0.1057090274,945993,,,
706,926,Trinidad and Tobago,1975,1,0.0009,0.9991,1011490,0.098864052,1011490,,,
707,927,Trinidad and Tobago,1980,1,0.0011,0.9989,1085308,0.0921397428,1085308,,,
708,928,Trinidad and Tobago,1985,1,0.1273,0.8727,1170928,0.0854023475,1170928,,,
709,929,Trinidad and Tobago,1990,1,0.013,0.987,1221900,0.0818397578,1221900,,,
710,930,Trinidad and Tobago,1995,1,0.0176,0.9824,1255001,0.0796812114,1255001,,,
711,931,Trinidad and Tobago,2000,1,0.022,0.978,1267984,0.0788653485,1267984,,,
712,932,Trinidad and Tobago,2005,1,0.0775,0.9225,1296934,0.0771049259,1296934,,,
713,933,Trinidad and Tobago,2010,1,0.1346,0.8654,1328100,0.075295535,1328100,,,
714,937,Turkey,1960,14,0,1,27472331,0.0509603644,1962309.35714,25.43019412,25.20416,Asia
715,938,Turkey,1965,14,0,1,30972965,0.0452007097,2212354.64286,25.43019412,25.20416,Asia
716,939,Turkey,1970,18,0,1,34876267,0.0516110282,1937570.38889,25.43019412,25.20416,Asia
717,940,Turkey,1975,24,0.0002,0.9998,39277211,0.0611041349,1636550.45833,25.43019412,25.20416,Asia
718,941,Turkey,1980,25,0.0003,0.9997,43975921,0.0568492926,1759036.84,25.43019412,25.20416,Asia
719,942,Turkey,1985,34,0,1,49133883,0.0691986831,1445114.20588,25.43019412,25.20416,Asia
720,943,Turkey,1990,35,0.002,0.998,53921699,0.064908934,1540619.97143,25.43019412,25.20416,Asia
721,944,Turkey,1995,62,0.0009,0.9991,58486381,0.1060075849,943328.725806,25.43019412,25.20416,Asia
722,945,Turkey,2000,77,0.0015,0.9985,63240121,0.1217581478,821300.272727,25.43019412,25.20416,Asia
723,946,Turkey,2005,82,0.005,0.995,67903406,0.1207597746,828090.317073,25.43019412,25.20416,Asia
724,947,Turkey,2010,137,0.005,0.995,72326914,0.1894177318,527933.678832,25.43019412,25.20416,Asia
725,948,Ukraine,1995,25,0.1977,0.8023,51512299,0.0485320991,2060491.96,23.16196667,0,Europe
726,949,Ukraine,2000,25,0.1625,0.8375,49175848,0.0508379642,1967033.92,23.16196667,0,Europe
727,950,Ukraine,2005,25,0.1568,0.8432,47105150,0.0530727532,1884206,23.16196667,0,Europe
728,951,Ukraine,2010,25,0.1348,0.8652,45870700,0.0545010213,1834828,23.16196667,0,Europe
729,952,United Arab Emirates,1970,0,0,1,235499,0,inf,,,
730,953,United Arab Emirates,1975,0,0,1,554324,0,inf,,,
731,954,United Arab Emirates,1980,1,0.0026,0.9974,1042384,0.0959339361,1042384,,,
732,955,United Arab Emirates,1985,2,0,1,1391052,0.1437760774,695526,,,
733,956,United Arab Emirates,1990,3,0,1,1860174,0.1612752355,620058,,,
734,957,United Arab Emirates,1995,3,0,1,2448820,0.1225079834,816273.333333,,,
735,958,United Arab Emirates,2000,4,0.0143,0.9857,3154925,0.1267858982,788731.25,,,
736,959,United Arab Emirates,2005,7,0.0143,0.9857,4579562,0.1528530458,654223.142857,,,
737,960,United Arab Emirates,2010,12,0.0136,0.9864,8270684,0.1450907809,689223.666667,,,
738,964,United Kingdom,1960,22,0.0697,0.9303,52400000,0.0419847328,2381818.18182,23.49612234,24.22038333,Europe
739,965,United Kingdom,1965,33,0.0768,0.9232,54348050,0.0607197498,1646910.60606,23.49612234,24.22038333,Europe
740,966,United Kingdom,1970,43,0.0845,0.9155,55663250,0.0772502504,1294494.18605,23.49612234,24.22038333,Europe
741,967,United Kingdom,1975,43,0.0867,0.9133,56225800,0.0764773467,1307576.74419,23.49612234,24.22038333,Europe
742,968,United Kingdom,1980,43,0.0896,0.9104,56314216,0.0763572736,1309632.93023,23.49612234,24.22038333,Europe
743,969,United Kingdom,1985,46,0.1,0.9,56550268,0.0813435579,1229353.65217,23.49612234,24.22038333,Europe
744,970,United Kingdom,1990,47,0.1129,0.8871,57247586,0.0820995317,1218033.74468,23.49612234,24.22038333,Europe
745,971,United Kingdom,1995,68,0.1177,0.8823,58019030,0.1172029246,853221.029412,23.49612234,24.22038333,Europe
746,972,United Kingdom,2000,68,0.2188,0.7812,58892514,0.1154645903,866066.382353,23.49612234,24.22038333,Europe
747,973,United Kingdom,2005,68,0.2444,0.7556,60401206,0.1125805336,888253.029412,23.49612234,24.22038333,Europe
748,974,United Kingdom,2010,68,0.2616,0.7384,62766365,0.1083382796,923034.779412,23.49612234,24.22038333,Europe
749,978,United States,1960,415,0.1193,0.8807,180671000,0.2296992877,435351.807229,22.45901324,23.603375,North America
750,979,United States,1965,448,0.102,0.898,194303000,0.2305677215,433712.053571,22.45901324,23.603375,North America
751,980,United States,1970,465,0.102,0.898,205052000,0.2267717457,440972.043011,22.45901324,23.603375,North America
752,981,United States,1975,481,0.1148,0.8852,215973000,0.2227130243,449008.316008,22.45901324,23.603375,North America
753,982,United States,1980,484,0.1177,0.8823,227225000,0.213004731,469473.140496,22.45901324,23.603375,North America
754,983,United States,1985,484,0.1065,0.8935,237924000,0.2034263042,491578.512397,22.45901324,23.603375,North America
755,984,United States,1990,486,0.0977,0.9023,249623000,0.1946935979,513627.572016,22.45901324,23.603375,North America
756,985,United States,1995,489,0.1312,0.8688,266278000,0.1836426592,544535.787321,22.45901324,23.603375,North America
757,986,United States,2000,490,0.16,0.84,282162411,0.1736588507,575841.655102,22.45901324,23.603375,North America
758,987,United States,2005,492,0.175,0.825,295516599,0.1664881099,600643.493902,22.45901324,23.603375,North America
759,988,United States,2010,494,0.19,0.81,309348193,0.1596906047,626210.917004,22.45901324,23.603375,North America
