,name,year,nr_unis,nonreligpct,religpct,popsize,uni_per_pop,pop_per_uni
3,Albania,1960,4,0.15,0.85,1608800.0,0.248632521134,402200.0
4,Albania,1965,4,0.21,0.79,1864791.0,0.214501249738,466197.75
5,Albania,1970,4,0.24,0.76,2135479.0,0.187311605499,533869.75
6,Albania,1975,5,0.2531,0.7469,2404831.0,0.207914818131,480966.2
7,Albania,1980,5,0.2632,0.7368,2671997.0,0.1871259586,534399.4
8,Albania,1985,5,0.2698,0.7302,2964762.0,0.168647601393,592952.4
9,Albania,1990,5,0.2742,0.7258,3286542.0,0.152135588104,657308.4
10,Albania,1995,7,0.1675,0.8325,3187784.0,0.219588278252,455397.714286
11,Albania,2000,7,0.1092,0.8908,3089027.0,0.226608572861,441289.571429
12,Albania,2005,8,0.1099,0.8901,3011487.0,0.265649494751,376435.875
13,Albania,2010,9,0.1507,0.8493,2913021.0,0.308957607927,323669.0
14,Angola,1975,1,0.0033,0.9967,7682479.0,0.0130166317409,7682479.0
15,Angola,1980,1,0.0043,0.9957,8929900.0,0.0111983336879,8929900.0
16,Angola,1985,1,0.0056,0.9944,10609042.0,0.00942592177503,10609042.0
17,Angola,1990,1,0.006,0.994,12171441.0,0.00821595405178,12171441.0
18,Angola,1995,2,0.008,0.992,14268994.0,0.0140164050808,7134497.0
19,Angola,2000,2,0.0194,0.9806,16440924.0,0.0121647664085,8220462.0
20,Angola,2005,2,0.0161,0.9839,19552542.0,0.0102288490162,9776271.0
21,Angola,2010,8,0.0179,0.9821,23369131.0,0.0342331942082,2921141.375
22,Antigua and Barbuda,1980,0,0.0,1.0,73442.0,0.0,inf
23,Antigua and Barbuda,1985,1,0.0,1.0,69782.0,1.43303430684,69782.0
24,Antigua and Barbuda,1990,1,0.0328,0.9672,66696.0,1.49934029027,66696.0
25,Antigua and Barbuda,1995,1,0.046,0.954,73619.0,1.35834499246,73619.0
26,Antigua and Barbuda,2000,1,0.0582,0.9418,83584.0,1.19640122511,83584.0
27,Antigua and Barbuda,2005,1,0.0533,0.9467,89253.0,1.12041051841,89253.0
28,Antigua and Barbuda,2010,1,0.059,0.941,94661.0,1.05640126346,94661.0
32,Argentina,1960,9,0.0,1.0,20619075.0,0.0436489027757,2291008.33333
33,Argentina,1965,10,0.0025,0.9975,22283390.0,0.044876475258,2228339.0
34,Argentina,1970,11,0.0046,0.9954,23973058.0,0.0458848428932,2179368.90909
35,Argentina,1975,25,0.0046,0.9954,26066975.0,0.0959067939414,1042679.0
36,Argentina,1980,26,0.0034,0.9966,28105888.0,0.092507306654,1080995.69231
37,Argentina,1985,26,0.0082,0.9918,30388783.0,0.0855578849604,1168799.34615
38,Argentina,1990,30,0.0231,0.9769,32729739.0,0.09165975934,1090991.3
39,Argentina,1995,37,0.025,0.975,34994814.0,0.105729951872,945805.783784
40,Argentina,2000,38,0.0392,0.9608,37057452.0,0.102543477625,975196.105263
41,Argentina,2005,40,0.12,0.88,39145488.0,0.102182913137,978637.2
42,Argentina,2010,44,0.12,0.88,41223889.0,0.106734228787,936906.568182
43,Armenia,1995,12,0.1221,0.8779,3217342.0,0.372978688619,268111.833333
44,Armenia,2000,14,0.017,0.983,3069588.0,0.456087266434,219256.285714
45,Armenia,2005,14,0.0342,0.9658,2981259.0,0.469600259488,212947.071429
46,Armenia,2010,14,0.0346,0.9654,2877311.0,0.486565407771,205522.214286
50,Australia,1960,22,0.04,0.96,10276477.0,0.214081148627,467112.590909
51,Australia,1965,24,0.05,0.95,11388000.0,0.210748155954,474500.0
52,Australia,1970,28,0.0598,0.9402,12507000.0,0.223874630207,446678.571429
53,Australia,1975,31,0.0937,0.9063,13893000.0,0.22313395235,448161.290323
54,Australia,1980,31,0.1196,0.8804,14692000.0,0.210999183229,473935.483871
55,Australia,1985,31,0.1343,0.8657,15758000.0,0.196725472776,508322.580645
56,Australia,1990,34,0.1398,0.8602,17065100.0,0.199237039338,501914.705882
57,Australia,1995,36,0.1562,0.8438,18072000.0,0.199203187251,502000.0
58,Australia,2000,36,0.1673,0.8327,19153000.0,0.187960110688,532027.777778
59,Australia,2005,37,0.22,0.78,20394800.0,0.181418793026,551210.810811
60,Australia,2010,38,0.3101,0.6899,22031750.0,0.172478355101,579782.894737
62,Austria,1960,3,0.0377,0.9623,7047539.0,0.0425680510601,2349179.66667
63,Austria,1965,5,0.04,0.96,7270889.0,0.0687673818153,1454177.8
64,Austria,1970,6,0.0409,0.9591,7467086.0,0.080352630196,1244514.33333
65,Austria,1975,7,0.047,0.953,7578903.0,0.0923616518116,1082700.42857
66,Austria,1980,7,0.0598,0.9402,7549433.0,0.0927221951635,1078490.42857
67,Austria,1985,7,0.0585,0.9415,7564985.0,0.0925315780534,1080712.14286
68,Austria,1990,7,0.0862,0.9138,7677850.0,0.0911713565647,1096835.71429
69,Austria,1995,7,0.087,0.913,7948278.0,0.0880693906278,1135468.28571
70,Austria,2000,7,0.1199,0.8801,8011566.0,0.0873736795029,1144509.42857
71,Austria,2005,7,0.1384,0.8616,8227829.0,0.0850771205867,1175404.14286
72,Austria,2010,7,0.1542,0.8458,8363404.0,0.0836979775221,1194772.0
73,Azerbaijan,1995,20,0.0576,0.9424,7685000.0,0.260247234873,384250.0
74,Azerbaijan,2000,22,0.0588,0.9412,8048600.0,0.273339462764,365845.454545
75,Azerbaijan,2005,22,0.0089,0.9911,8391850.0,0.262159118669,381447.727273
76,Azerbaijan,2010,23,0.0193,0.9807,9054332.0,0.254022052648,393666.608696
77,Bahrain,1970,1,0.0,1.0,212605.0,0.470355824181,212605.0
78,Bahrain,1975,1,0.0,1.0,266543.0,0.375173986936,266543.0
79,Bahrain,1980,2,0.0,1.0,359888.0,0.555728448851,179944.0
80,Bahrain,1985,3,0.0,1.0,419430.0,0.715256419426,139810.0
81,Bahrain,1990,4,0.0014,0.9986,495931.0,0.806563816337,123982.75
82,Bahrain,1995,4,0.0,1.0,563699.0,0.709598562353,140924.75
83,Bahrain,2000,4,0.0,1.0,664614.0,0.601853105712,166153.5
84,Bahrain,2005,8,0.0,1.0,889168.0,0.899717488709,111146.0
85,Bahrain,2010,9,0.0,1.0,1240862.0,0.725302249565,137873.555556
86,Barbados,1970,1,0.1708,0.8292,238848.0,0.418676312969,238848.0
87,Barbados,1975,1,0.1126,0.8874,246034.0,0.406447889316,246034.0
88,Barbados,1980,1,0.0522,0.9478,252194.0,0.396520139258,252194.0
89,Barbados,1985,1,0.0593,0.9407,255924.0,0.390741001235,255924.0
90,Barbados,1990,1,0.0549,0.9451,260374.0,0.38406292487,260374.0
91,Barbados,1995,1,0.2223,0.7777,264959.0,0.377416883367,264959.0
92,Barbados,2000,1,0.2058,0.7942,269847.0,0.370580365911,269847.0
93,Barbados,2005,1,0.2102,0.7898,274009.0,0.364951516191,274009.0
94,Barbados,2010,1,0.205,0.795,279569.0,0.35769344956,279569.0
95,Belarus,1995,11,0.2869,0.7131,10194000.0,0.107906611732,926727.272727
96,Belarus,2000,11,0.4103,0.5897,9979610.0,0.110224748262,907237.272727
97,Belarus,2005,11,0.4934,0.5066,9663915.0,0.113825504467,878537.727273
98,Belarus,2010,11,0.411,0.589,9490583.0,0.115904365411,862780.272727
102,Belgium,1960,3,0.033,0.967,9153489.0,0.0327743879957,3051163.0
103,Belgium,1965,6,0.0441,0.9559,9463667.0,0.0634003711246,1577277.83333
104,Belgium,1970,11,0.0599,0.9401,9655549.0,0.113924127981,877777.181818
105,Belgium,1975,11,0.06,0.94,9800700.0,0.112236881039,890972.727273
106,Belgium,1980,11,0.0607,0.9393,9859242.0,0.111570443245,896294.727273
107,Belgium,1985,11,0.0941,0.9059,9858308.0,0.111581013699,896209.818182
108,Belgium,1990,11,0.108,0.892,9967379.0,0.110360005374,906125.363636
109,Belgium,1995,12,0.1387,0.8613,10136811.0,0.11838042556,844734.25
110,Belgium,2000,12,0.15,0.85,10251250.0,0.117058895257,854270.833333
111,Belgium,2005,13,0.1734,0.8266,10478617.0,0.124062173472,806047.461538
112,Belgium,2010,15,0.192,0.808,10895586.0,0.137670429108,726372.4
122,Bosnia and Herzegovina,1995,6,0.0495,0.9505,3843712.0,0.156099104199,640618.666667
123,Bosnia and Herzegovina,2000,8,0.076,0.924,3766706.0,0.212387162683,470838.25
124,Bosnia and Herzegovina,2005,8,0.052,0.948,3781530.0,0.211554582404,472691.25
125,Bosnia and Herzegovina,2010,8,0.0293,0.9707,3722084.0,0.21493335454,465260.5
129,Bulgaria,1960,7,0.144,0.856,7867374.0,0.0889750506332,1123910.57143
130,Bulgaria,1965,10,0.1837,0.8163,8204168.0,0.121889264091,820416.8
131,Bulgaria,1970,10,0.1808,0.8192,8489574.0,0.117791540541,848957.4
132,Bulgaria,1975,13,0.1524,0.8476,8720742.0,0.149069884191,670826.307692
133,Bulgaria,1980,13,0.1095,0.8905,8861535.0,0.146701446194,681656.538462
134,Bulgaria,1985,13,0.1327,0.8673,8960547.0,0.145080428684,689272.846154
135,Bulgaria,1990,14,0.1009,0.8991,8718289.0,0.160581967402,622734.928571
136,Bulgaria,1995,23,0.0744,0.9256,8406067.0,0.273611904354,365481.173913
137,Bulgaria,2000,23,0.0395,0.9605,8170172.0,0.281511821293,355224.869565
138,Bulgaria,2005,24,0.044,0.956,7658972.0,0.313357980679,319123.833333
139,Bulgaria,2010,24,0.0473,0.9527,7395599.0,0.324517324425,308149.958333
140,Cameroon,1960,0,0.0007,0.9993,5176268.0,0.0,inf
141,Cameroon,1965,1,0.0008,0.9992,5777834.0,0.0173075238922,5777834.0
142,Cameroon,1970,1,0.0009,0.9991,6527635.0,0.0153194840091,6527635.0
143,Cameroon,1975,1,0.001,0.999,7457362.0,0.0134095676192,7457362.0
144,Cameroon,1980,2,0.0011,0.9989,8618354.0,0.0232062874187,4309177.0
145,Cameroon,1985,3,0.002,0.998,10050023.0,0.0298506779537,3350007.66667
146,Cameroon,1990,3,0.0027,0.9973,11715218.0,0.0256077180979,3905072.66667
147,Cameroon,1995,5,0.005,0.995,13460994.0,0.037144359473,2692198.8
148,Cameroon,2000,5,0.005,0.995,15274234.0,0.0327348657877,3054846.8
149,Cameroon,2005,5,0.0074,0.9926,17420795.0,0.0287013307946,3484159.0
150,Cameroon,2010,6,0.0073,0.9927,19970495.0,0.0300443228873,3328415.83333
154,Canada,1960,44,0.0,1.0,17909009.0,0.24568640286,407022.931818
155,Canada,1965,52,0.0254,0.9746,19678000.0,0.264254497408,378423.076923
156,Canada,1970,68,0.0335,0.9665,21324000.0,0.318889514162,313588.235294
157,Canada,1975,73,0.1056,0.8944,23209000.0,0.314533155242,317931.506849
158,Canada,1980,74,0.0799,0.9201,24593000.0,0.300898629691,332337.837838
159,Canada,1985,75,0.0778,0.9222,25942000.0,0.289106468275,345893.333333
160,Canada,1990,76,0.0558,0.9442,27791000.0,0.273469828362,365671.052632
161,Canada,1995,77,0.0945,0.9055,29354000.0,0.262315187027,381220.779221
162,Canada,2000,77,0.1284,0.8716,30769700.0,0.250246183746,399606.493506
163,Canada,2005,78,0.1269,0.8731,32312000.0,0.241396385244,414256.410256
164,Canada,2010,79,0.1643,0.8357,34005274.0,0.232316904725,430446.506329
165,Central African Republic,1960,0,0.0006,0.9994,1503508.0,0.0,inf
166,Central African Republic,1965,0,0.001,0.999,1648833.0,0.0,inf
167,Central African Republic,1970,0,0.0012,0.9988,1828709.0,0.0,inf
168,Central African Republic,1975,0,0.0,1.0,2017372.0,0.0,inf
169,Central African Republic,1980,0,0.0055,0.9945,2279821.0,0.0,inf
170,Central African Republic,1985,0,0.0068,0.9932,2634232.0,0.0,inf
171,Central African Republic,1990,0,0.0079,0.9921,2939780.0,0.0,inf
172,Central African Republic,1995,0,0.0074,0.9926,3352767.0,0.0,inf
173,Central African Republic,2000,0,0.0124,0.9876,3754986.0,0.0,inf
174,Central African Republic,2005,0,0.0127,0.9873,4127910.0,0.0,inf
175,Central African Republic,2010,1,0.0124,0.9876,4448525.0,0.0224793611366,4448525.0
176,Chad,1960,0,0.0002,0.9998,3001593.0,0.0,inf
177,Chad,1965,0,0.0002,0.9998,3309573.0,0.0,inf
178,Chad,1970,0,0.0003,0.9997,3643549.0,0.0,inf
179,Chad,1975,1,0.0003,0.9997,4087948.0,0.0244621506927,4087948.0
180,Chad,1980,1,0.0004,0.9996,4512042.0,0.0221629142637,4512042.0
181,Chad,1985,1,0.0006,0.9994,5091535.0,0.0196404424206,5091535.0
182,Chad,1990,1,0.0007,0.9993,5956859.0,0.0167873706596,5956859.0
183,Chad,1995,1,0.0009,0.9991,7000722.0,0.0142842409683,7000722.0
184,Chad,2000,1,0.0016,0.9984,8342559.0,0.0119867297312,8342559.0
185,Chad,2005,1,0.002,0.998,10067009.0,0.00993343703179,10067009.0
186,Chad,2010,1,0.0025,0.9975,11887202.0,0.00841240857184,11887202.0
190,Chile,1960,7,0.0,1.0,7716625.0,0.0907132327928,1102375.0
191,Chile,1965,8,0.0,1.0,8617077.0,0.0928389058146,1077134.625
192,Chile,1970,8,0.0338,0.9662,9563865.0,0.0836481903498,1195483.125
193,Chile,1975,8,0.0338,0.9662,10435534.0,0.0766611464253,1304441.75
194,Chile,1980,8,0.0383,0.9617,11266226.0,0.0710086944821,1408278.25
195,Chile,1985,16,0.0,1.0,12181028.0,0.131351803805,761314.25
196,Chile,1990,16,0.0334,0.9666,13242132.0,0.120826465104,827633.25
197,Chile,1995,17,0.0,1.0,14296613.0,0.118909282919,840977.235294
198,Chile,2000,17,0.03,0.97,15262754.0,0.11138225775,897809.058824
199,Chile,2005,17,0.083,0.917,16147064.0,0.10528229776,949827.294118
200,Chile,2010,17,0.06,0.94,16993354.0,0.100039109407,999609.058824
204,China,1960,34,0.38,0.62,667070000.0,0.0050969163656,19619705.8824
205,China,1965,34,0.3693,0.6307,715185000.0,0.0047540146955,21034852.9412
206,China,1970,34,0.4277,0.5723,818315000.0,0.00415487923355,24068088.2353
207,China,1975,34,0.4622,0.5378,916395000.0,0.00371019047463,26952794.1176
208,China,1980,34,0.4349,0.5651,981235000.0,0.00346502112134,28859852.9412
209,China,1985,34,0.4066,0.5934,1051040000.0,0.00323489115543,30912941.1765
210,China,1990,34,0.3848,0.6152,1135185000.0,0.00299510652449,33387794.1176
211,China,1995,34,0.3607,0.6393,1204855000.0,0.00282191633018,35436911.7647
212,China,2000,35,0.38,0.62,1262645000.0,0.00277195886413,36075571.4286
213,China,2005,35,0.325,0.675,1303720000.0,0.00268462553309,37249142.8571
214,China,2010,35,0.325,0.675,1337705000.0,0.00261642140831,38220142.8571
218,Colombia,1960,22,0.0,1.0,16480383.0,0.133492043237,749108.318182
219,Colombia,1965,24,0.0,1.0,19144223.0,0.1253641895,797675.958333
220,Colombia,1970,26,0.0033,0.9967,22061215.0,0.117853889734,848508.269231
221,Colombia,1975,31,0.0,1.0,24756973.0,0.125217246874,798612.032258
222,Colombia,1980,33,0.0038,0.9962,27737900.0,0.118970794473,840542.424242
223,Colombia,1985,36,0.0085,0.9915,31011688.0,0.116085264369,861435.777778
224,Colombia,1990,37,0.0116,0.9884,34271565.0,0.107961220913,926258.513514
225,Colombia,1995,37,0.0128,0.9872,37441977.0,0.0988195682082,1011945.32432
226,Colombia,2000,37,0.0133,0.9867,40403958.0,0.0915751867676,1091998.86486
227,Colombia,2005,38,0.015,0.985,43285634.0,0.0877889417075,1139095.63158
228,Colombia,2010,38,0.015,0.985,45918097.0,0.0827560427864,1208370.97368
254,Costa Rica,1960,1,0.0,1.0,1333040.0,0.0750165036308,1333040.0
255,Costa Rica,1965,1,0.0,1.0,1589621.0,0.0629080768309,1589621.0
256,Costa Rica,1970,1,0.0054,0.9946,1848866.0,0.0540872080508,1848866.0
257,Costa Rica,1975,3,0.0057,0.9943,2097407.0,0.14303375549,699135.666667
258,Costa Rica,1980,3,0.0058,0.9942,2389310.0,0.125559261879,796436.666667
259,Costa Rica,1985,3,0.008,0.992,2730233.0,0.109880731791,910077.666667
260,Costa Rica,1990,3,0.0412,0.9588,3095995.0,0.0968993812975,1031998.33333
261,Costa Rica,1995,3,0.036,0.964,3510926.0,0.0854475428989,1170308.66667
262,Costa Rica,2000,3,0.0442,0.9558,3925443.0,0.0764244952735,1308481.0
263,Costa Rica,2005,3,0.0368,0.9632,4247841.0,0.0706241123432,1415947.0
264,Costa Rica,2010,3,0.1,0.9,4545280.0,0.0660025344973,1515093.33333
265,Croatia,1995,4,0.0732,0.9268,4669000.0,0.0856714499893,1167250.0
266,Croatia,2000,4,0.0449,0.9551,4426000.0,0.0903750564844,1106500.0
267,Croatia,2005,6,0.0507,0.9493,4442000.0,0.13507429086,740333.333333
268,Croatia,2010,7,0.0565,0.9435,4417781.0,0.158450588655,631111.571429
272,Cuba,1960,4,0.0,1.0,7141135.0,0.056013504856,1785283.75
273,Cuba,1965,4,0.0,1.0,7951933.0,0.0503022346894,1987983.25
274,Cuba,1970,5,0.2457,0.7543,8715123.0,0.0573715368102,1743024.6
275,Cuba,1975,7,0.2265,0.7735,9438442.0,0.0741647827046,1348348.85714
276,Cuba,1980,10,0.2505,0.7495,9835177.0,0.101675851894,983517.7
277,Cuba,1985,10,0.2478,0.7522,10082989.0,0.0991769404886,1008298.9
278,Cuba,1990,10,0.2426,0.7574,10582081.0,0.0944993711539,1058208.1
279,Cuba,1995,10,0.2065,0.7935,10906043.0,0.0916922847269,1090604.3
280,Cuba,2000,10,0.15,0.85,11150736.0,0.0896801789586,1115073.6
281,Cuba,2005,10,0.1315,0.8685,11284253.0,0.0886190694236,1128425.3
282,Cuba,2010,10,0.1315,0.8685,11333051.0,0.0882374922693,1133305.1
283,Cyprus,1960,0,0.0,1.0,572930.0,0.0,inf
284,Cyprus,1965,1,0.0,1.0,580966.0,0.17212711243,580966.0
285,Cyprus,1970,1,0.018,0.982,613621.0,0.162967043175,613621.0
286,Cyprus,1975,1,0.0195,0.9805,649755.0,0.153904163877,649755.0
287,Cyprus,1980,2,0.0211,0.9789,685406.0,0.291797854119,342703.0
288,Cyprus,1985,3,0.0233,0.9767,703687.0,0.426325909104,234562.333333
289,Cyprus,1990,4,0.0254,0.9746,766614.0,0.521774974107,191653.5
290,Cyprus,1995,5,0.034,0.966,855384.0,0.584532794628,171076.8
291,Cyprus,2000,5,0.0509,0.9491,943286.0,0.530061932436,188657.2
292,Cyprus,2005,6,0.0414,0.9586,1027658.0,0.583851826191,171276.333333
293,Cyprus,2010,6,0.032,0.968,1112607.0,0.539273975447,185434.5
294,Czech Republic,1995,15,0.66,0.34,10327253.0,0.145246756325,688483.533333
295,Czech Republic,2000,15,0.5904,0.4096,10255063.0,0.146269213558,683670.866667
296,Czech Republic,2005,15,0.6854,0.3146,10211216.0,0.146897294113,680747.733333
297,Czech Republic,2010,15,0.7575,0.2425,10474410.0,0.143206156719,698294.0
301,Denmark,1960,1,0.0113,0.9887,4579603.0,0.0218359539026,4579603.0
302,Denmark,1965,1,0.0156,0.9844,4759012.0,0.0210127648344,4759012.0
303,Denmark,1970,2,0.0174,0.9826,4928757.0,0.0405781822882,2464378.5
304,Denmark,1975,4,0.0337,0.9663,5059862.0,0.0790535394048,1264965.5
305,Denmark,1980,4,0.0385,0.9615,5123027.0,0.0780788389364,1280756.75
306,Denmark,1985,4,0.0438,0.9562,5113691.0,0.0782213864702,1278422.75
307,Denmark,1990,4,0.0487,0.9513,5140939.0,0.077806797552,1285234.75
308,Denmark,1995,4,0.0681,0.9319,5233373.0,0.0764325416897,1308343.25
309,Denmark,2000,4,0.0822,0.9178,5339616.0,0.0749117539538,1334904.0
310,Denmark,2005,4,0.0871,0.9129,5419432.0,0.0738084729175,1354858.0
311,Denmark,2010,4,0.1011,0.8989,5547683.0,0.0721021731054,1386920.75
315,Dominican Republic,1960,2,0.0,1.0,3294042.0,0.0607156800065,1647021.0
316,Dominican Republic,1965,2,0.0,1.0,3878948.0,0.0515603715234,1939474.0
317,Dominican Republic,1970,2,0.1108,0.8892,4503114.0,0.044413710157,2251557.0
318,Dominican Republic,1975,2,0.1235,0.8765,5149935.0,0.0388354416124,2574967.5
319,Dominican Republic,1980,2,0.11,0.89,5809269.0,0.0344277395314,2904634.5
320,Dominican Republic,1985,2,0.11,0.89,6488856.0,0.0308220740297,3244428.0
321,Dominican Republic,1990,2,0.11,0.89,7183647.0,0.0278410116755,3591823.5
322,Dominican Republic,1995,2,0.11,0.89,7892423.0,0.0253407603723,3946211.5
323,Dominican Republic,2000,2,0.2,0.8,8562622.0,0.0233573314342,4281311.0
324,Dominican Republic,2005,2,0.18,0.82,9237566.0,0.0216507248771,4618783.0
325,Dominican Republic,2010,2,0.12,0.88,9897985.0,0.0202061328644,4948992.5
329,Ecuador,1960,3,0.0,1.0,4545550.0,0.0659986140291,1515183.33333
330,Ecuador,1965,3,0.0,1.0,5250119.0,0.0571415619341,1750039.66667
331,Ecuador,1970,3,0.0016,0.9984,6072527.0,0.0494028268627,2024175.66667
332,Ecuador,1975,3,0.0,1.0,6987391.0,0.0429344801228,2329130.33333
333,Ecuador,1980,3,0.0017,0.9983,7976445.0,0.0376107401229,2658815.0
334,Ecuador,1985,3,0.0021,0.9979,9045979.0,0.0331639063058,3015326.33333
335,Ecuador,1990,3,0.0014,0.9986,10218091.0,0.029359691551,3406030.33333
336,Ecuador,1995,3,0.0,1.0,11440583.0,0.0262224398879,3813527.66667
337,Ecuador,2000,3,0.075,0.925,12628596.0,0.0237556098873,4209532.0
338,Ecuador,2005,3,0.0814,0.9186,13735233.0,0.0218416389442,4578411.0
339,Ecuador,2010,3,0.085,0.915,14934690.0,0.0200874608043,4978230.0
340,Estonia,1995,3,0.5356,0.4644,1436634.0,0.208821453481,478878.0
341,Estonia,2000,3,0.5444,0.4556,1396985.0,0.214748189852,465661.666667
342,Estonia,2005,3,0.6259,0.3741,1354775.0,0.221438984333,451591.666667
343,Estonia,2010,3,0.6903,0.3097,1331475.0,0.225314031431,443825.0
347,Finland,1960,5,0.0448,0.9552,4429634.0,0.112876142815,885926.8
348,Finland,1965,5,0.053,0.947,4563732.0,0.109559457041,912746.4
349,Finland,1970,8,0.054,0.946,4606307.0,0.173674920061,575788.375
350,Finland,1975,9,0.066,0.934,4711440.0,0.191024400183,523493.333333
351,Finland,1980,10,0.078,0.922,4779535.0,0.209225374435,477953.5
352,Finland,1985,14,0.09,0.91,4902206.0,0.28558571386,350157.571429
353,Finland,1990,15,0.102,0.898,4986431.0,0.300816355425,332428.733333
354,Finland,1995,16,0.121,0.879,5107790.0,0.313247020727,319236.875
355,Finland,2000,16,0.129,0.871,5176209.0,0.309106529508,323513.0625
356,Finland,2005,16,0.147,0.853,5246096.0,0.304988700169,327881.0
357,Finland,2010,16,0.166,0.834,5363352.0,0.29832090081,335209.5
361,France,1960,29,0.0853,0.9147,46814237.0,0.061946967116,1614284.03448
362,France,1965,31,0.0944,0.9056,50023774.0,0.0619705342504,1613670.12903
363,France,1970,84,0.1006,0.8994,52035095.0,0.16142951214,619465.416667
364,France,1975,92,0.114,0.886,54252574.0,0.169577207526,589701.891304
365,France,1980,99,0.119,0.881,55340782.0,0.178891581257,558997.79798
366,France,1985,100,0.1345,0.8655,56795686.0,0.176069710647,567956.86
367,France,1990,100,0.1615,0.8385,58512808.0,0.170902753462,585128.08
368,France,1995,101,0.1752,0.8248,59541900.0,0.169628446523,589523.762376
369,France,2000,101,0.1777,0.8223,60912498.0,0.165811620466,603094.039604
370,France,2005,101,0.175,0.825,63179356.0,0.159862344909,625538.178218
371,France,2010,102,0.1915,0.8085,65027512.0,0.156856685521,637524.627451
372,Georgia,1995,5,0.04,0.96,4734000.0,0.105618926912,946800.0
373,Georgia,2000,5,0.0153,0.9847,4418300.0,0.113165697214,883660.0
374,Georgia,2005,5,0.0389,0.9611,4190000.0,0.119331742243,838000.0
375,Georgia,2010,5,0.0876,0.9124,3926000.0,0.127356087621,785200.0
377,Germany,1990,71,0.1683,0.8317,79433029.0,0.0893834729631,1118775.05634
378,Germany,1995,76,0.1882,0.8118,81678051.0,0.0930482535632,1074711.19737
379,Germany,2000,76,0.2651,0.7349,82211508.0,0.0924444786976,1081730.36842
380,Germany,2005,76,0.2311,0.7689,82469422.0,0.0921553688105,1085123.97368
381,Germany,2010,76,0.23,0.77,81776930.0,0.0929357460594,1076012.23684
385,Greece,1960,4,0.0009,0.9991,8331725.0,0.0480092657883,2082931.25
386,Greece,1965,5,0.0011,0.9989,8550333.0,0.0584772546286,1710066.6
387,Greece,1970,6,0.0013,0.9987,8792806.0,0.0682376024218,1465467.66667
388,Greece,1975,8,0.0019,0.9981,9046541.0,0.0884315894882,1130817.625
389,Greece,1980,9,0.0021,0.9979,9642505.0,0.0933367418529,1071389.44444
390,Greece,1985,12,0.0091,0.9909,9934300.0,0.120793614044,827858.333333
391,Greece,1990,15,0.0157,0.9843,10196792.0,0.147105089522,679786.133333
392,Greece,1995,15,0.0181,0.9819,10562153.0,0.142016499856,704143.533333
393,Greece,2000,15,0.0178,0.9822,10805808.0,0.138814237677,720387.2
394,Greece,2005,15,0.0225,0.9775,10987314.0,0.136521082405,732487.6
395,Greece,2010,15,0.0261,0.9739,11121341.0,0.13487582118,741422.733333
399,Guatemala,1960,1,0.0,1.0,4210747.0,0.0237487552684,4210747.0
400,Guatemala,1965,2,0.0,1.0,4869716.0,0.0410701568634,2434858.0
401,Guatemala,1970,4,0.0195,0.9805,5621792.0,0.0711516897103,1405448.0
402,Guatemala,1975,5,0.0124,0.9876,6433728.0,0.0777154396331,1286745.6
403,Guatemala,1980,5,0.0069,0.9931,7283459.0,0.0686487011185,1456691.8
404,Guatemala,1985,5,0.0083,0.9917,8240060.0,0.0606791698119,1648012.0
405,Guatemala,1990,5,0.0092,0.9908,9263813.0,0.0539734556386,1852762.6
406,Guatemala,1995,6,0.002,0.998,10408489.0,0.0576452547531,1734748.16667
407,Guatemala,2000,10,0.025,0.975,11650743.0,0.0858314358149,1165074.3
408,Guatemala,2005,10,0.04,0.96,13096028.0,0.0763590303869,1309602.8
409,Guatemala,2010,12,0.0459,0.9541,14630417.0,0.08202090207,1219201.41667
413,Honduras,1960,1,0.0,1.0,2038637.0,0.0490523815667,2038637.0
414,Honduras,1965,1,0.0,1.0,2346010.0,0.0426255642559,2346010.0
415,Honduras,1970,1,0.0134,0.9866,2716659.0,0.0368099198317,2716659.0
416,Honduras,1975,1,0.0115,0.9885,3153261.0,0.0317132010322,3153261.0
417,Honduras,1980,3,0.0032,0.9968,3678286.0,0.0815597264596,1226095.33333
418,Honduras,1985,3,0.0034,0.9966,4281189.0,0.0700739911272,1427063.0
419,Honduras,1990,5,0.0208,0.9792,4955328.0,0.100901494311,991065.6
420,Honduras,1995,5,0.0173,0.9827,5709051.0,0.0875802300593,1141810.2
421,Honduras,2000,5,0.0153,0.9847,6524283.0,0.0766367737267,1304856.6
422,Honduras,2005,5,0.0566,0.9434,7373430.0,0.0678110458769,1474686.0
423,Honduras,2010,5,0.1,0.9,8194778.0,0.0610144655536,1638955.6
427,Hungary,1960,13,0.1061,0.8939,9983967.0,0.130208763711,767997.461538
428,Hungary,1965,14,0.1193,0.8807,10147935.0,0.137959102024,724852.5
429,Hungary,1970,16,0.1416,0.8584,10337910.0,0.154770161474,646119.375
430,Hungary,1975,17,0.1539,0.8461,10540525.0,0.16128228907,620030.882353
431,Hungary,1980,17,0.1661,0.8339,10711122.0,0.158713531598,630066.0
432,Hungary,1985,17,0.183,0.817,10648713.0,0.1596437053,626394.882353
433,Hungary,1990,18,0.202,0.798,10373988.0,0.173510900533,576332.666667
434,Hungary,1995,19,0.2201,0.7799,10328965.0,0.183948730584,543629.736842
435,Hungary,2000,22,0.2052,0.7948,10210971.0,0.215454534148,464135.045455
436,Hungary,2005,24,0.2354,0.7646,10087065.0,0.237928475726,420294.375
437,Hungary,2010,24,0.2716,0.7284,10000023.0,0.239999448001,416667.625
441,Iceland,1960,1,0.0118,0.9882,175574.0,0.569560413273,175574.0
442,Iceland,1965,1,0.0104,0.9896,192286.0,0.520058662617,192286.0
443,Iceland,1970,1,0.0107,0.9893,204438.0,0.489145853511,204438.0
444,Iceland,1975,2,0.0108,0.9892,217979.0,0.917519577574,108989.5
445,Iceland,1980,2,0.0114,0.9886,228138.0,0.876662371021,114069.0
446,Iceland,1985,2,0.0127,0.9873,241405.0,0.828483254282,120702.5
447,Iceland,1990,4,0.0138,0.9862,254826.0,1.5696985394,63706.5
448,Iceland,1995,4,0.0147,0.9853,267468.0,1.49550600446,66867.0
449,Iceland,2000,4,0.0215,0.9785,281205.0,1.42244981419,70301.25
450,Iceland,2005,4,0.0244,0.9756,296734.0,1.34800865422,74183.5
451,Iceland,2010,4,0.0325,0.9675,318041.0,1.257699479,79510.25
454,India,1960,40,0.0041,0.9959,449480608.0,0.0088991603393,11237015.2
455,India,1965,62,0.0046,0.9954,497702365.0,0.0124572444015,8027457.5
456,India,1970,77,0.0049,0.9951,553578513.0,0.0139094994101,7189331.33766
457,India,1975,95,0.0057,0.9943,621301720.0,0.0152904775477,6540018.10526
458,India,1980,104,0.0062,0.9938,696783517.0,0.0149257262066,6699841.50962
459,India,1985,124,0.0094,0.9906,781666671.0,0.0158635393577,6303763.47581
460,India,1990,138,0.012,0.988,870133480.0,0.0158596356964,6305315.07246
461,India,1995,163,0.0128,0.9872,960482795.0,0.0169706319414,5892532.48466
462,India,2000,186,0.0031,0.9969,1053050912.0,0.0176629636687,5661564.04301
463,India,2005,233,0.0031,0.9969,1144118674.0,0.0203650202811,4910380.57511
464,India,2010,310,0.0031,0.9969,1230980691.0,0.0251831732428,3970905.45484
467,Indonesia,1960,23,0.0066,0.9934,87792515.0,0.026198133178,3817065.86957
468,Indonesia,1965,52,0.0084,0.9916,100308894.0,0.0518398697527,1929017.19231
469,Indonesia,1970,55,0.0097,0.9903,114834780.0,0.0478948973473,2087905.09091
470,Indonesia,1975,56,0.0127,0.9873,130724115.0,0.0428383087543,2334359.19643
471,Indonesia,1990,99,0.0061,0.9939,181436821.0,0.0545644480841,1832695.16162
472,Indonesia,1995,101,0.0066,0.9934,196957849.0,0.0512800076325,1950077.71287
473,Indonesia,2000,109,0.0069,0.9931,211540429.0,0.0515267934906,1940737.88073
474,Indonesia,2005,114,0.0073,0.9927,226712730.0,0.0502838989235,1988708.15789
475,Indonesia,2010,118,0.0075,0.9925,242524123.0,0.0486549538002,2055289.17797
493,Iraq,1960,1,0.0,1.0,7289761.0,0.0137178708602,7289761.0
494,Iraq,1965,3,0.0,1.0,8375793.0,0.0358175040859,2791931.0
495,Iraq,1970,6,0.0,1.0,9917983.0,0.0604961714494,1652997.16667
496,Iraq,1975,7,0.0,1.0,11684589.0,0.0599079693774,1669227.0
497,Iraq,1980,7,0.0013,0.9987,13653356.0,0.0512694461347,1950479.42857
498,Iraq,1985,7,0.0,1.0,15576395.0,0.0449397951195,2225199.28571
499,Iraq,1990,13,0.0047,0.9953,17469005.0,0.0744175183418,1343769.61538
500,Iraq,1995,15,0.0,1.0,20208387.0,0.0742266070023,1347225.8
501,Iraq,2000,19,0.02,0.98,23565413.0,0.0806266370125,1240284.89474
502,Iraq,2005,24,0.01,0.99,27008426.0,0.0888611576254,1125351.08333
503,Iraq,2010,31,0.011,0.989,30762701.0,0.100771385451,992345.193548
507,Ireland,1960,5,0.004,0.996,2828600.0,0.176765891254,565720.0
508,Ireland,1965,5,0.0022,0.9978,2877300.0,0.173774024259,575460.0
509,Ireland,1970,8,0.0021,0.9979,2957250.0,0.270521599459,369656.25
510,Ireland,1975,9,0.0026,0.9974,3189550.0,0.282171466194,354394.444444
511,Ireland,1980,11,0.0031,0.9969,3412800.0,0.322315986873,310254.545455
512,Ireland,1985,11,0.0112,0.9888,3538082.0,0.310902912934,321643.818182
513,Ireland,1990,13,0.0188,0.9812,3513974.0,0.369951513585,270305.692308
514,Ireland,1995,15,0.0244,0.9756,3608841.0,0.415645909587,240589.4
515,Ireland,2000,15,0.0353,0.9647,3805174.0,0.394200107538,253678.266667
516,Ireland,2005,15,0.0439,0.9561,4159914.0,0.360584377465,277327.6
517,Ireland,2010,15,0.0605,0.9395,4560155.0,0.328936187476,304010.333333
520,Israel,1960,5,0.0,1.0,2114020.0,0.236516210821,422804.0
521,Israel,1965,6,0.0,1.0,2563000.0,0.234100663285,427166.666667
522,Israel,1970,7,0.0,1.0,2974000.0,0.235373234701,424857.142857
523,Israel,1975,8,0.0,1.0,3455000.0,0.231548480463,431875.0
524,Israel,1980,8,0.0,1.0,3878000.0,0.206291903043,484750.0
525,Israel,1985,9,0.0,1.0,4233000.0,0.212615166549,470333.333333
526,Israel,1990,9,0.0,1.0,4660000.0,0.19313304721,517777.777778
527,Israel,1995,9,0.0,1.0,5545000.0,0.162308385933,616111.111111
528,Israel,2000,9,0.0217,0.9783,6289000.0,0.143107012244,698777.777778
529,Israel,2005,9,0.0453,0.9547,6930100.0,0.129868255869,770011.111111
530,Israel,2010,9,0.045,0.955,7623600.0,0.118054462459,847066.666667
534,Italy,1960,21,0.0726,0.9274,50199700.0,0.0418329193202,2390461.90476
535,Italy,1965,21,0.0964,0.9036,52112350.0,0.0402975494293,2481540.47619
536,Italy,1970,23,0.1149,0.8851,53821850.0,0.0427335738181,2340080.43478
537,Italy,1975,23,0.121,0.879,55441001.0,0.0414855424418,2410478.30435
538,Italy,1980,27,0.1282,0.8718,56433883.0,0.0478435977904,2090143.81481
539,Italy,1985,36,0.1359,0.8641,56593071.0,0.0636120276986,1572029.75
540,Italy,1990,39,0.1436,0.8564,56719240.0,0.068759736555,1454339.48718
541,Italy,1995,44,0.1536,0.8464,56844303.0,0.0774044146517,1291915.97727
542,Italy,2000,44,0.1257,0.8743,56942108.0,0.0772714631499,1294138.81818
543,Italy,2005,44,0.1109,0.8891,57969484.0,0.0759020038888,1317488.27273
544,Italy,2010,44,0.1868,0.8132,59277417.0,0.0742272558873,1347214.02273
545,Jamaica,1960,1,0.1694,0.8306,1628252.0,0.0614155548404,1628252.0
546,Jamaica,1965,1,0.107,0.893,1756266.0,0.056938983047,1756266.0
547,Jamaica,1970,1,0.1006,0.8994,1875381.0,0.0533224982017,1875381.0
548,Jamaica,1975,1,0.0673,0.9327,2027737.0,0.0493160602189,2027737.0
549,Jamaica,1980,1,0.0231,0.9769,2163045.0,0.0462311232545,2163045.0
550,Jamaica,1985,1,0.11,0.89,2338638.0,0.0427599312078,2338638.0
551,Jamaica,1990,1,0.2558,0.7442,2424242.0,0.0412500072188,2424242.0
552,Jamaica,1995,1,0.2548,0.7452,2537440.0,0.0394097988524,2537440.0
553,Jamaica,2000,1,0.2373,0.7627,2656864.0,0.0376383586062,2656864.0
554,Jamaica,2005,1,0.2236,0.7764,2744673.0,0.0364342127459,2744673.0
555,Jamaica,2010,1,0.1994,0.8006,2817210.0,0.035496111401,2817210.0
559,Japan,1960,69,0.0673,0.9327,92500572.0,0.0745941333206,1340588.0
560,Japan,1965,70,0.0881,0.9119,98883000.0,0.0707907324818,1412614.28571
561,Japan,1970,71,0.1062,0.8938,104345000.0,0.0680435095117,1469647.88732
562,Japan,1975,75,0.1018,0.8982,111940000.0,0.0670001786671,1492533.33333
563,Japan,1980,79,0.1005,0.8995,116782000.0,0.0676474114161,1478253.16456
564,Japan,1985,81,0.0999,0.9001,120754000.0,0.0670785232787,1490790.12346
565,Japan,1990,83,0.0996,0.9004,123537000.0,0.067186349029,1488397.59036
566,Japan,1995,84,0.1153,0.8847,125439000.0,0.0669648195537,1493321.42857
567,Japan,2000,85,0.112,0.888,126843000.0,0.0670119754342,1492270.58824
568,Japan,2005,88,0.12,0.88,127773000.0,0.0688721404366,1451965.90909
569,Japan,2010,88,0.095,0.905,128070000.0,0.0687124228937,1455340.90909
573,Jordan,1960,0,0.0,1.0,932257.0,0.0,inf
574,Jordan,1965,1,0.012,0.988,1172550.0,0.0852842096286,1172550.0
575,Jordan,1970,1,0.02,0.98,1718913.0,0.058176300953,1718913.0
576,Jordan,1975,1,0.0,1.0,2062918.0,0.0484750242133,2062918.0
577,Jordan,1980,2,0.0125,0.9875,2374422.0,0.0842310254875,1187211.0
578,Jordan,1985,3,0.0,1.0,2895985.0,0.10359169678,965328.333333
579,Jordan,1990,7,0.0164,0.9836,3560582.0,0.196597073175,508654.571429
580,Jordan,1995,15,0.0,1.0,4572904.0,0.328019131825,304860.266667
581,Jordan,2000,19,0.0,1.0,5103130.0,0.372320517016,268585.789474
582,Jordan,2005,24,0.0,1.0,5714111.0,0.420012841893,238087.958333
583,Jordan,2010,26,0.0,1.0,7182390.0,0.361996494203,276245.769231
597,Kuwait,1960,0,0.0,1.0,269618.0,0.0,inf
598,Kuwait,1965,0,0.0,1.0,473554.0,0.0,inf
599,Kuwait,1970,1,0.0,1.0,746767.0,0.133910577195,746767.0
600,Kuwait,1975,1,0.0,1.0,1024940.0,0.0975666868304,1024940.0
601,Kuwait,1980,1,0.0,1.0,1372318.0,0.0728694078195,1372318.0
602,Kuwait,1985,1,0.0,1.0,1738994.0,0.0575045112289,1738994.0
603,Kuwait,1990,1,0.0035,0.9965,2099615.0,0.0476277793786,2099615.0
604,Kuwait,1995,1,0.0059,0.9941,1610651.0,0.0620866966214,1610651.0
605,Kuwait,2000,2,0.0,1.0,2050741.0,0.0975257236287,1025370.5
606,Kuwait,2005,6,0.0,1.0,2276623.0,0.263548246679,379437.166667
607,Kuwait,2010,6,0.0,1.0,2998083.0,0.200127881716,499680.5
608,Latvia,1995,4,0.45,0.55,2485056.0,0.160962167452,621264.0
609,Latvia,2000,4,0.4455,0.5545,2367550.0,0.168951025322,591887.5
610,Latvia,2005,4,0.4129,0.5871,2238799.0,0.178667222917,559699.75
611,Latvia,2010,4,0.2006,0.7994,2097555.0,0.190698217687,524388.75
612,Lithuania,1995,7,0.14,0.86,3629102.0,0.192885182064,518443.142857
613,Lithuania,2000,7,0.1294,0.8706,3499536.0,0.200026517801,499933.714286
614,Lithuania,2005,7,0.1318,0.8682,3322528.0,0.21068294985,474646.857143
615,Lithuania,2010,7,0.1521,0.8479,3097282.0,0.22600460662,442468.857143
620,Malta,1965,2,0.0043,0.9957,318800.0,0.627352572146,159400.0
621,Malta,1970,2,0.0049,0.9951,302650.0,0.660829340823,151325.0
622,Malta,1975,2,0.0053,0.9947,304222.0,0.657414651143,152111.0
623,Malta,1980,2,0.0054,0.9946,316645.0,0.631622163622,158322.5
624,Malta,1985,2,0.0055,0.9945,336452.0,0.594438434011,168226.0
625,Malta,1990,2,0.0056,0.9944,354170.0,0.564700567524,177085.0
626,Malta,1995,2,0.0105,0.9895,377419.0,0.529915028125,188709.5
627,Malta,2000,2,0.02,0.98,390087.0,0.512706139912,195043.5
628,Malta,2005,2,0.0161,0.9839,403834.0,0.495252999995,201917.0
629,Malta,2010,2,0.015,0.985,414508.0,0.482499734625,207254.0
633,Mexico,1960,27,0.0053,0.9947,38174112.0,0.0707285607587,1413856.0
634,Mexico,1965,27,0.0,1.0,44623043.0,0.060506855169,1652705.2963
635,Mexico,1970,28,0.0403,0.9597,52029861.0,0.0538152504386,1858209.32143
636,Mexico,1975,31,0.0563,0.9437,60872399.0,0.0509262005593,1963625.77419
637,Mexico,1980,34,0.0278,0.9722,69360871.0,0.0490189922788,2040025.61765
638,Mexico,1985,34,0.0,1.0,77360707.0,0.0439499602815,2275314.91176
639,Mexico,1990,35,0.0295,0.9705,85357874.0,0.0410038328743,2438796.4
640,Mexico,1995,37,0.0249,0.9751,94045579.0,0.0393426255582,2541772.40541
641,Mexico,2000,37,0.0207,0.9793,101719673.0,0.0363744779242,2749180.35135
642,Mexico,2005,38,0.0586,0.9414,108472228.0,0.0350320083773,2854532.31579
643,Mexico,2010,38,0.0272,0.9728,117318941.0,0.0323903366976,3087340.55263
651,Mongolia,1960,2,0.4897,0.5103,955505.0,0.209313399721,477752.5
652,Mongolia,1965,2,0.54,0.46,1107124.0,0.180648238138,553562.0
653,Mongolia,1970,2,0.5943,0.4057,1278825.0,0.156393564405,639412.5
654,Mongolia,1975,2,0.45,0.55,1479651.0,0.135167008977,739825.5
655,Mongolia,1980,2,0.34,0.66,1689622.0,0.118369670849,844811.0
656,Mongolia,1985,2,0.33,0.67,1921881.0,0.104064715765,960940.5
657,Mongolia,1990,2,0.3162,0.6838,2184145.0,0.0915690121306,1092072.5
658,Mongolia,1995,3,0.25,0.75,2298039.0,0.130546087338,766013.0
659,Mongolia,2000,4,0.1039,0.8961,2397436.0,0.166844912648,599359.0
660,Mongolia,2005,7,0.1039,0.8961,2526446.0,0.277069052733,360920.857143
661,Mongolia,2010,7,0.3095,0.6905,2712650.0,0.258050246069,387521.428571
662,Montenegro,2010,1,0.0451,0.9549,619428.0,0.16143926332,619428.0
664,Netherlands,1960,11,0.0801,0.9199,11486631.0,0.0957635010648,1044239.18182
665,Netherlands,1965,12,0.0892,0.9108,12294732.0,0.0976027781655,1024561.0
666,Netherlands,1970,13,0.0977,0.9023,13038526.0,0.0997045218148,1002963.53846
667,Netherlands,1975,15,0.1232,0.8768,13666335.0,0.109758761219,911089.0
668,Netherlands,1980,15,0.1478,0.8522,14149800.0,0.106008565492,943320.0
669,Netherlands,1985,16,0.1726,0.8274,14491632.0,0.110408544738,905727.0
670,Netherlands,1990,16,0.1945,0.8055,14951510.0,0.10701260274,934469.375
671,Netherlands,1995,16,0.2145,0.7855,15459006.0,0.103499539362,966187.875
672,Netherlands,2000,16,0.2566,0.7434,15925513.0,0.100467721197,995344.5625
673,Netherlands,2005,17,0.2548,0.7452,16319868.0,0.104167509198,959992.235294
674,Netherlands,2010,17,0.34,0.66,16615394.0,0.102314757026,977376.117647
678,New Zealand,1960,6,0.0269,0.9731,2371800.0,0.252972426006,395300.0
679,New Zealand,1965,7,0.031,0.969,2628400.0,0.266321716634,375485.714286
680,New Zealand,1970,7,0.0352,0.9648,2810700.0,0.249048279788,401528.571429
681,New Zealand,1975,7,0.0547,0.9453,3083100.0,0.227044208751,440442.857143
682,New Zealand,1980,7,0.0766,0.9234,3112900.0,0.224870699348,444700.0
683,New Zealand,1985,7,0.104,0.896,3247100.0,0.215576976379,463871.428571
684,New Zealand,1990,7,0.13,0.87,3329800.0,0.210222836206,475685.714286
685,New Zealand,1995,7,0.19,0.81,3673400.0,0.190559155006,524771.428571
686,New Zealand,2000,8,0.2676,0.7324,3857700.0,0.207377452886,482212.5
687,New Zealand,2005,8,0.3919,0.6081,4133900.0,0.193521855875,516737.5
688,New Zealand,2010,8,0.3919,0.6081,4350700.0,0.18387845634,543837.5
692,Nicaragua,1960,3,0.0,1.0,1774699.0,0.169042750348,591566.333333
693,Nicaragua,1965,4,0.0,1.0,2062630.0,0.193927170651,515657.5
694,Nicaragua,1970,5,0.01,0.99,2398096.0,0.208498742336,479619.2
695,Nicaragua,1975,5,0.0056,0.9944,2796746.0,0.178779195537,559349.2
696,Nicaragua,1980,5,0.0023,0.9977,3249910.0,0.153850414319,649982.0
697,Nicaragua,1985,6,0.0091,0.9909,3709091.0,0.161764701918,618181.833333
698,Nicaragua,1990,6,0.0121,0.9879,4144565.0,0.144767906885,690760.833333
699,Nicaragua,1995,9,0.03,0.97,4612228.0,0.195133458277,512469.777778
700,Nicaragua,2000,22,0.0435,0.9565,5026796.0,0.437654521886,228490.727273
701,Nicaragua,2005,28,0.09,0.91,5379328.0,0.520511112169,192118.857143
702,Nicaragua,2010,32,0.09,0.91,5737723.0,0.557712528123,179303.84375
706,Norway,1960,2,0.03,0.97,3581239.0,0.0558465938744,1790619.5
707,Norway,1965,2,0.04,0.96,3723168.0,0.0537176941787,1861584.0
708,Norway,1970,3,0.06,0.94,3875763.0,0.077404113719,1291921.0
709,Norway,1975,3,0.08,0.92,4007313.0,0.0748631314799,1335771.0
710,Norway,1980,3,0.09,0.91,4085620.0,0.0734282679251,1361873.33333
711,Norway,1985,3,0.09,0.91,4152516.0,0.0722453567909,1384172.0
712,Norway,1990,3,0.08,0.92,4241473.0,0.0707301449284,1413824.33333
713,Norway,1995,3,0.06,0.94,4359184.0,0.068820219564,1453061.33333
714,Norway,2000,4,0.073,0.927,4490967.0,0.0890676774067,1122741.75
715,Norway,2005,4,0.0746,0.9254,4623291.0,0.0865184562252,1155822.75
716,Norway,2010,4,0.1105,0.8895,4889252.0,0.08181210541,1222313.0
717,Oman,1970,0,0.0,1.0,723852.0,0.0,inf
718,Oman,1975,0,0.0,1.0,882044.0,0.0,inf
719,Oman,1980,0,0.0021,0.9979,1154379.0,0.0,inf
720,Oman,1985,0,0.0,1.0,1498417.0,0.0,inf
721,Oman,1990,1,0.0019,0.9981,1812160.0,0.0551827653187,1812160.0
722,Oman,1995,2,0.0,1.0,2204283.0,0.0907324513232,1102141.5
723,Oman,2000,3,0.0,1.0,2267991.0,0.132275657179,755997.0
724,Oman,2005,10,0.0,1.0,2511269.0,0.398205050913,251126.9
725,Oman,2010,13,0.0,1.0,3041460.0,0.427426301842,233958.461538
729,Panama,1960,2,0.0,1.0,1132921.0,0.176534815755,566460.5
730,Panama,1965,3,0.0,1.0,1314626.0,0.228201785146,438208.666667
731,Panama,1970,3,0.0,1.0,1519299.0,0.19745948625,506433.0
732,Panama,1975,3,0.0,1.0,1745205.0,0.171899576268,581735.0
733,Panama,1980,3,0.0068,0.9932,1978578.0,0.151624045148,659526.0
734,Panama,1985,4,0.0,1.0,2219276.0,0.180238960814,554819.0
735,Panama,1990,4,0.0131,0.9869,2471009.0,0.161877192677,617752.25
736,Panama,1995,4,0.0,1.0,2739730.0,0.1459997883,684932.5
737,Panama,2000,5,0.0,1.0,3030347.0,0.164997605885,606069.4
738,Panama,2005,5,0.0,1.0,3330465.0,0.150129186165,666093.0
739,Panama,2010,5,0.0,1.0,3643222.0,0.137241156317,728644.4
743,Paraguay,1960,1,0.0,1.0,1902875.0,0.0525520593838,1902875.0
744,Paraguay,1965,1,0.0,1.0,2170859.0,0.0460647144748,2170859.0
745,Paraguay,1970,1,0.0052,0.9948,2474106.0,0.0404186401068,2474106.0
746,Paraguay,1975,1,0.0046,0.9954,2790962.0,0.0358299396409,2790962.0
747,Paraguay,1980,1,0.0039,0.9961,3180630.0,0.0314403121394,3180630.0
748,Paraguay,1985,1,0.0,1.0,3671826.0,0.0272344059876,3671826.0
749,Paraguay,1990,1,0.0047,0.9953,4213742.0,0.0237318753735,4213742.0
750,Paraguay,1995,1,0.0,1.0,4760850.0,0.0210046525305,4760850.0
751,Paraguay,2000,1,0.025,0.975,5302700.0,0.0188583174609,5302700.0
752,Paraguay,2005,1,0.032,0.968,5795494.0,0.0172547844929,5795494.0
753,Paraguay,2010,1,0.03,0.97,6209877.0,0.0161033785371,6209877.0
757,Peru,1960,4,0.0,1.0,10061515.0,0.0397554443839,2515378.75
758,Peru,1965,4,0.0,1.0,11607681.0,0.0344599407927,2901920.25
759,Peru,1970,4,0.0013,0.9987,13341069.0,0.0299826048422,3335267.25
760,Peru,1975,4,0.0014,0.9986,15229947.0,0.0262640441231,3807486.75
761,Peru,1980,4,0.004,0.996,17359120.0,0.0230426427146,4339780.0
762,Peru,1985,4,0.0038,0.9962,19544956.0,0.0204656382956,4886239.0
763,Peru,1990,4,0.0039,0.9961,21826658.0,0.018326213752,5456664.5
764,Peru,1995,4,0.0038,0.9962,24038760.0,0.0166397934003,6009690.0
765,Peru,2000,4,0.018,0.982,25914879.0,0.0154351482791,6478719.75
766,Peru,2005,4,0.031,0.969,27610410.0,0.0144872893956,6902602.5
767,Peru,2010,4,0.04,0.96,29373646.0,0.0136176489633,7343411.5
771,Poland,1960,40,0.0367,0.9633,29637450.0,0.13496437784,740936.25
772,Poland,1965,41,0.0342,0.9658,31444950.0,0.130386596258,766950.0
773,Poland,1970,47,0.0305,0.9695,32664300.0,0.143887975557,694985.106383
774,Poland,1975,48,0.0295,0.9705,34015199.0,0.141113388753,708649.979167
775,Poland,1980,48,0.0297,0.9703,35574150.0,0.134929436121,741128.125
776,Poland,1985,49,0.0282,0.9718,37201885.0,0.131713755902,759222.142857
777,Poland,1990,49,0.0273,0.9727,38110782.0,0.128572538868,777771.061224
778,Poland,1995,50,0.0324,0.9676,38594998.0,0.129550466617,771899.96
779,Poland,2000,52,0.05,0.95,38258629.0,0.135917050242,735742.865385
780,Poland,2005,56,0.055,0.945,38165445.0,0.146729587458,681525.803571
781,Poland,2010,60,0.08,0.92,38042794.0,0.15771712246,634046.566667
785,Portugal,1960,3,0.0165,0.9835,8857716.0,0.0338687761044,2952572.0
786,Portugal,1965,3,0.0255,0.9745,8998595.0,0.0333385378495,2999531.66667
787,Portugal,1970,3,0.0352,0.9648,8680431.0,0.0345604959016,2893477.0
788,Portugal,1975,6,0.0399,0.9601,9093470.0,0.0659814130359,1515578.33333
789,Portugal,1980,7,0.0417,0.9583,9766312.0,0.0716749577527,1395187.42857
790,Portugal,1985,7,0.0451,0.9549,10023613.0,0.0698350983822,1431944.71429
791,Portugal,1990,7,0.04,0.96,9983218.0,0.0701176714763,1426174.0
792,Portugal,1995,7,0.0534,0.9466,10026176.0,0.0698172463759,1432310.85714
793,Portugal,2000,7,0.0347,0.9653,10289898.0,0.0680278852132,1469985.42857
794,Portugal,2005,7,0.0511,0.9489,10503330.0,0.0666455305127,1500475.71429
795,Portugal,2010,7,0.0691,0.9309,10573100.0,0.0662057485506,1510442.85714
796,Qatar,1970,0,0.0,1.0,109514.0,0.0,inf
797,Qatar,1975,1,0.0,1.0,164413.0,0.608224410478,164413.0
798,Qatar,1980,1,0.0,1.0,223775.0,0.446877443861,223775.0
799,Qatar,1985,1,0.0,1.0,371081.0,0.269482943077,371081.0
800,Qatar,1990,1,0.0,1.0,476445.0,0.209887814963,476445.0
801,Qatar,1995,2,0.0,1.0,513455.0,0.389518068769,256727.5
802,Qatar,2000,2,0.0177,0.9823,592267.0,0.337685537097,296133.5
803,Qatar,2005,2,0.0358,0.9642,864863.0,0.231250498634,432431.5
804,Qatar,2010,2,0.0177,0.9823,1779676.0,0.112380006248,889838.0
808,Romania,1960,16,0.0537,0.9463,18406905.0,0.0869239016554,1150431.5625
809,Romania,1965,18,0.0526,0.9474,19031576.0,0.094579660665,1057309.77778
810,Romania,1970,18,0.068,0.932,20250398.0,0.0888871418725,1125022.11111
811,Romania,1975,20,0.0817,0.9183,21293583.0,0.0939250101779,1064679.15
812,Romania,1980,20,0.0894,0.9106,22242653.0,0.0899173313543,1112132.65
813,Romania,1985,20,0.0877,0.9123,22755427.0,0.0878911215333,1137771.35
814,Romania,1990,33,0.0847,0.9153,23201835.0,0.142230129643,703085.909091
815,Romania,1995,51,0.0507,0.9493,22684270.0,0.224825396629,444789.607843
816,Romania,2000,54,0.0103,0.9897,22442971.0,0.240609855086,415610.574074
817,Romania,2005,55,0.0119,0.9881,21319685.0,0.257977545165,387630.636364
818,Romania,2010,55,0.0163,0.9837,20246871.0,0.27164691275,368124.927273
822,Russian Federation,1960,26,0.496,0.504,119897000.0,0.0216852798652,4611423.07692
823,Russian Federation,1965,26,0.5007,0.4993,126745000.0,0.020513629729,4874807.69231
824,Russian Federation,1970,31,0.5147,0.4853,130404000.0,0.023772276924,4206580.64516
825,Russian Federation,1975,40,0.5365,0.4635,134200000.0,0.0298062593145,3355000.0
826,Russian Federation,1980,42,0.5579,0.4421,139010000.0,0.030213653694,3309761.90476
827,Russian Federation,1985,45,0.5758,0.4242,143858000.0,0.0312808463902,3196844.44444
828,Russian Federation,1990,50,0.6087,0.3913,148292000.0,0.03371726054,2965840.0
829,Russian Federation,1995,107,0.63,0.37,148375726.0,0.0721142217023,1386689.02804
830,Russian Federation,2000,108,0.1211,0.8789,146596557.0,0.0736715801586,1357375.52778
831,Russian Federation,2005,108,0.1202,0.8798,143518523.0,0.0752516105534,1328875.21296
832,Russian Federation,2010,108,0.1404,0.8596,142849449.0,0.0756040718085,1322680.08333
837,Slovenia,1995,3,0.0717,0.9283,1989872.0,0.150763466193,663290.666667
838,Slovenia,2000,3,0.1016,0.8984,1988925.0,0.150835250198,662975.0
839,Slovenia,2005,3,0.1736,0.8264,2000474.0,0.149964458423,666824.666667
840,Slovenia,2010,3,0.24,0.76,2048583.0,0.146442687458,682861.0
844,South Africa,1960,6,0.0051,0.9949,17396367.0,0.0344899598865,2899394.5
845,South Africa,1965,6,0.0062,0.9938,19813947.0,0.030281700057,3302324.5
846,South Africa,1970,7,0.0069,0.9931,22502502.0,0.0311076519402,3214643.14286
847,South Africa,1975,7,0.0205,0.9795,25698856.0,0.0272385665728,3671265.14286
848,South Africa,1980,8,0.0308,0.9692,29077143.0,0.0275130194187,3634642.875
849,South Africa,1985,9,0.0384,0.9616,32983013.0,0.027286773346,3664779.22222
850,South Africa,1990,9,0.0393,0.9607,36793490.0,0.0244608489165,4088165.55556
851,South Africa,1995,9,0.0788,0.9212,41426810.0,0.0217250616207,4602978.88889
852,South Africa,2000,9,0.0458,0.9542,44896856.0,0.0200459470926,4988539.55556
853,South Africa,2005,16,0.0533,0.9467,47606670.244,0.0336087357465,2975416.89025
854,South Africa,2010,16,0.064,0.936,50979432.3622,0.0313852062658,3186214.52264
858,Spain,1960,32,0.0132,0.9868,30455000.0,0.105073058611,951718.75
859,Spain,1965,34,0.0162,0.9838,31954292.0,0.106401981931,939832.117647
860,Spain,1970,37,0.0183,0.9817,33814531.0,0.109420414555,913906.243243
861,Spain,1975,44,0.0205,0.9795,35757900.0,0.123049731668,812679.545455
862,Spain,1980,50,0.0201,0.9799,37491165.0,0.133364754069,749823.3
863,Spain,1985,51,0.0307,0.9693,38469512.0,0.132572516127,754304.156863
864,Spain,1990,56,0.0326,0.9674,38867322.0,0.144079903421,694059.321429
865,Spain,1995,65,0.0406,0.9594,39724050.0,0.163628834421,611139.230769
866,Spain,2000,65,0.125,0.875,40567864.0,0.160225344869,624120.984615
867,Spain,2005,65,0.135,0.865,43653155.0,0.148901035905,671587.0
868,Spain,2010,65,0.16,0.84,46576897.0,0.139554165663,716567.646154
872,Sweden,1960,4,0.03,0.97,7484656.0,0.0534426699103,1871164.0
873,Sweden,1965,5,0.04,0.96,7733853.0,0.0646508279896,1546770.6
874,Sweden,1970,5,0.05,0.95,8042801.0,0.062167396657,1608560.2
875,Sweden,1975,6,0.06,0.94,8192437.0,0.0732382806239,1365406.16667
876,Sweden,1980,6,0.0664,0.9336,8310531.0,0.0721975527196,1385088.5
877,Sweden,1985,6,0.06,0.94,8350386.0,0.0718529658389,1391731.0
878,Sweden,1990,6,0.06,0.94,8558835.0,0.070102998831,1426472.5
879,Sweden,1995,6,0.07,0.93,8826939.0,0.0679737335899,1471156.5
880,Sweden,2000,6,0.089,0.911,8872109.0,0.067627663276,1478684.83333
881,Sweden,2005,6,0.11,0.89,9029572.0,0.0664483322133,1504928.66667
882,Sweden,2010,6,0.16,0.84,9378126.0,0.0639786669533,1563021.0
886,Switzerland,1960,9,0.0054,0.9946,5327827.0,0.168924403889,591980.777778
887,Switzerland,1965,9,0.0083,0.9917,5856472.0,0.153676138125,650719.111111
888,Switzerland,1970,9,0.0108,0.9892,6180877.0,0.145610404478,686764.111111
889,Switzerland,1975,9,0.0124,0.9876,6338632.0,0.141986472791,704292.444444
890,Switzerland,1980,9,0.0382,0.9618,6319408.0,0.142418403749,702156.444444
891,Switzerland,1985,9,0.0495,0.9505,6470365.0,0.139095707893,718929.444444
892,Switzerland,1990,9,0.0757,0.9243,6715519.0,0.134017936663,746168.777778
893,Switzerland,1995,9,0.0938,0.9062,7040687.0,0.127828434924,782298.555556
894,Switzerland,2000,9,0.1096,0.8904,7184250.0,0.125274036956,798250.0
895,Switzerland,2005,9,0.0828,0.9172,7437115.0,0.12101466765,826346.111111
896,Switzerland,2010,9,0.1342,0.8658,7824909.0,0.115017312022,869434.333333
899,Syrian Arab Republic,1960,2,0.0,1.0,4573512.0,0.0437300700206,2286756.0
900,Syrian Arab Republic,1965,2,0.0,1.0,5373137.0,0.0372222037145,2686568.5
901,Syrian Arab Republic,1970,2,0.0092,0.9908,6350541.0,0.0314933798554,3175270.5
902,Syrian Arab Republic,1975,3,0.0,1.0,7535714.0,0.0398104280497,2511904.66667
903,Syrian Arab Republic,1980,4,0.0,1.0,8930774.0,0.0447889511032,2232693.5
904,Syrian Arab Republic,1985,4,0.0,1.0,10648632.0,0.0375635105054,2662158.0
905,Syrian Arab Republic,1990,4,0.0027,0.9973,12446171.0,0.0321383982271,3111542.75
906,Syrian Arab Republic,1995,4,0.0,1.0,14345492.0,0.0278833239041,3586373.0
907,Syrian Arab Republic,2000,4,0.0076,0.9924,16410848.0,0.0243741213129,4102712.0
908,Syrian Arab Republic,2005,11,0.0146,0.9854,18294611.0,0.0601269958678,1663146.45455
909,Syrian Arab Republic,2010,21,0.0146,0.9854,21018834.0,0.0999103946489,1000896.85714
923,Trinidad and Tobago,1960,1,0.0257,0.9743,848479.0,0.117857955235,848479.0
924,Trinidad and Tobago,1965,1,0.0121,0.9879,912417.0,0.109599010102,912417.0
925,Trinidad and Tobago,1970,1,0.001,0.999,945993.0,0.105709027445,945993.0
926,Trinidad and Tobago,1975,1,0.0009,0.9991,1011490.0,0.098864052042,1011490.0
927,Trinidad and Tobago,1980,1,0.0011,0.9989,1085308.0,0.0921397428195,1085308.0
928,Trinidad and Tobago,1985,1,0.1273,0.8727,1170928.0,0.0854023475397,1170928.0
929,Trinidad and Tobago,1990,1,0.013,0.987,1221900.0,0.0818397577543,1221900.0
930,Trinidad and Tobago,1995,1,0.0176,0.9824,1255001.0,0.0796812114094,1255001.0
931,Trinidad and Tobago,2000,1,0.022,0.978,1267984.0,0.0788653484587,1267984.0
932,Trinidad and Tobago,2005,1,0.0775,0.9225,1296934.0,0.0771049259253,1296934.0
933,Trinidad and Tobago,2010,1,0.1346,0.8654,1328100.0,0.0752955349748,1328100.0
937,Turkey,1960,14,0.0,1.0,27472331.0,0.0509603644481,1962309.35714
938,Turkey,1965,14,0.0,1.0,30972965.0,0.0452007097157,2212354.64286
939,Turkey,1970,18,0.0,1.0,34876267.0,0.0516110282101,1937570.38889
940,Turkey,1975,24,0.0002,0.9998,39277211.0,0.0611041349143,1636550.45833
941,Turkey,1980,25,0.0003,0.9997,43975921.0,0.0568492925936,1759036.84
942,Turkey,1985,34,0.0,1.0,49133883.0,0.0691986831165,1445114.20588
943,Turkey,1990,35,0.002,0.998,53921699.0,0.0649089339711,1540619.97143
944,Turkey,1995,62,0.0009,0.9991,58486381.0,0.106007584911,943328.725806
945,Turkey,2000,77,0.0015,0.9985,63240121.0,0.121758147806,821300.272727
946,Turkey,2005,82,0.005,0.995,67903406.0,0.120759774554,828090.317073
947,Turkey,2010,137,0.005,0.995,72326914.0,0.189417731828,527933.678832
948,Ukraine,1995,25,0.1977,0.8023,51512299.0,0.0485320991012,2060491.96
949,Ukraine,2000,25,0.1625,0.8375,49175848.0,0.0508379641974,1967033.92
950,Ukraine,2005,25,0.1568,0.8432,47105150.0,0.0530727531915,1884206.0
951,Ukraine,2010,25,0.1348,0.8652,45870700.0,0.0545010213491,1834828.0
952,United Arab Emirates,1970,0,0.0,1.0,235499.0,0.0,inf
953,United Arab Emirates,1975,0,0.0,1.0,554324.0,0.0,inf
954,United Arab Emirates,1980,1,0.0026,0.9974,1042384.0,0.0959339360543,1042384.0
955,United Arab Emirates,1985,2,0.0,1.0,1391052.0,0.143776077386,695526.0
956,United Arab Emirates,1990,3,0.0,1.0,1860174.0,0.161275235542,620058.0
957,United Arab Emirates,1995,3,0.0,1.0,2448820.0,0.122507983437,816273.333333
958,United Arab Emirates,2000,4,0.0143,0.9857,3154925.0,0.126785898238,788731.25
959,United Arab Emirates,2005,7,0.0143,0.9857,4579562.0,0.152853045772,654223.142857
960,United Arab Emirates,2010,12,0.0136,0.9864,8270684.0,0.145090780883,689223.666667
964,United Kingdom,1960,22,0.0697,0.9303,52400000.0,0.0419847328244,2381818.18182
965,United Kingdom,1965,33,0.0768,0.9232,54348050.0,0.0607197498346,1646910.60606
966,United Kingdom,1970,43,0.0845,0.9155,55663250.0,0.0772502503896,1294494.18605
967,United Kingdom,1975,43,0.0867,0.9133,56225800.0,0.0764773466985,1307576.74419
968,United Kingdom,1980,43,0.0896,0.9104,56314216.0,0.0763572736234,1309632.93023
969,United Kingdom,1985,46,0.1,0.9,56550268.0,0.0813435579121,1229353.65217
970,United Kingdom,1990,47,0.1129,0.8871,57247586.0,0.0820995316728,1218033.74468
971,United Kingdom,1995,68,0.1177,0.8823,58019030.0,0.117202924627,853221.029412
972,United Kingdom,2000,68,0.2188,0.7812,58892514.0,0.115464590287,866066.382353
973,United Kingdom,2005,68,0.2444,0.7556,60401206.0,0.112580533574,888253.029412
974,United Kingdom,2010,68,0.2616,0.7384,62766365.0,0.108338279587,923034.779412
978,United States,1960,415,0.1193,0.8807,180671000.0,0.229699287655,435351.807229
979,United States,1965,448,0.102,0.898,194303000.0,0.230567721548,433712.053571
980,United States,1970,465,0.102,0.898,205052000.0,0.226771745704,440972.043011
981,United States,1975,481,0.1148,0.8852,215973000.0,0.222713024313,449008.316008
982,United States,1980,484,0.1177,0.8823,227225000.0,0.213004730994,469473.140496
983,United States,1985,484,0.1065,0.8935,237924000.0,0.203426304198,491578.512397
984,United States,1990,486,0.0977,0.9023,249623000.0,0.194693597946,513627.572016
985,United States,1995,489,0.1312,0.8688,266278000.0,0.183642659176,544535.787321
986,United States,2000,490,0.16,0.84,282162411.0,0.173658850682,575841.655102
987,United States,2005,492,0.175,0.825,295516599.0,0.166488109861,600643.493902
988,United States,2010,494,0.19,0.81,309348193.0,0.15969060469,626210.917004
