name,year,nr_unis,nonreligpct,religpct,popsize,uni_per_pop,pop_per_uni,HPI_sci,HPI_rel,continent
Angola,1975,1,0,1,7682479,0.0130166317,7682479,,,Africa
Angola,1980,1,0,1,8929900,0.0111983337,8929900,,,Africa
Angola,1985,1,0.01,0.99,10609042,0.0094259218,10609042,,,Africa
Angola,1990,1,0.01,0.99,12171441,0.0082159541,12171441,,,Africa
Angola,1995,2,0.01,0.99,14268994,0.0140164051,7134497,,,Africa
Angola,2000,2,0.02,0.98,16440924,0.0121647664,8220462,,,Africa
Angola,2005,2,0.02,0.98,19552542,0.010228849,9776271,,,Africa
Angola,2010,8,0.02,0.98,23369131,0.0342331942,2921141.375,,,Africa
Cameroon,1960,0,0,1,5176268,0,inf,,,Africa
Cameroon,1965,1,0,1,5777834,0.0173075239,5777834,,,Africa
Cameroon,1970,1,0,1,6527635,0.015319484,6527635,,,Africa
Cameroon,1975,1,0,1,7457362,0.0134095676,7457362,,,Africa
Cameroon,1980,2,0,1,8618354,0.0232062874,4309177,,,Africa
Cameroon,1985,3,0,1,10050023,0.029850678,3350007.66667,,,Africa
Cameroon,1990,3,0,1,11715218,0.0256077181,3905072.66667,,,Africa
Cameroon,1995,5,0.01,1,13460994,0.0371443595,2692198.8,,,Africa
Cameroon,2000,5,0.01,1,15274234,0.0327348658,3054846.8,,,Africa
Cameroon,2005,5,0.01,0.99,17420795,0.0287013308,3484159,,,Africa
Cameroon,2010,6,0.01,0.99,19970495,0.0300443229,3328415.83333,,,Africa
Central African Republic,1960,0,0,1,1503508,0,inf,,,Africa
Central African Republic,1965,0,0,1,1648833,0,inf,,,Africa
Central African Republic,1970,0,0,1,1828709,0,inf,,,Africa
Central African Republic,1975,0,0,1,2017372,0,inf,,,Africa
Central African Republic,1980,0,0.01,0.99,2279821,0,inf,,,Africa
Central African Republic,1985,0,0.01,0.99,2634232,0,inf,,,Africa
Central African Republic,1990,0,0.01,0.99,2939780,0,inf,,,Africa
Central African Republic,1995,0,0.01,0.99,3352767,0,inf,,,Africa
Central African Republic,2000,0,0.01,0.99,3754986,0,inf,,,Africa
Central African Republic,2005,0,0.01,0.99,4127910,0,inf,,,Africa
Central African Republic,2010,1,0.01,0.99,4448525,0.0224793611,4448525,,,Africa
Chad,1960,0,0,1,3001593,0,inf,,,Africa
Chad,1965,0,0,1,3309573,0,inf,,,Africa
Chad,1970,0,0,1,3643549,0,inf,,,Africa
Chad,1975,1,0,1,4087948,0.0244621507,4087948,,,Africa
Chad,1980,1,0,1,4512042,0.0221629143,4512042,,,Africa
Chad,1985,1,0,1,5091535,0.0196404424,5091535,,,Africa
Chad,1990,1,0,1,5956859,0.0167873707,5956859,,,Africa
Chad,1995,1,0,1,7000722,0.014284241,7000722,,,Africa
Chad,2000,1,0,1,8342559,0.0119867297,8342559,,,Africa
Chad,2005,1,0,1,10067009,0.009933437,10067009,,,Africa
Chad,2010,1,0,1,11887202,0.0084124086,11887202,,,Africa
South Africa,1960,6,0.01,0.99,17396367,0.0344899599,2899394.5,23.01015,23.2407,Africa
South Africa,1965,6,0.01,0.99,19813947,0.0302817001,3302324.5,23.01015,23.2407,Africa
South Africa,1970,7,0.01,0.99,22502502,0.0311076519,3214643.14286,23.01015,23.2407,Africa
South Africa,1975,7,0.02,0.98,25698856,0.0272385666,3671265.14286,23.01015,23.2407,Africa
South Africa,1980,8,0.03,0.97,29077143,0.0275130194,3634642.875,23.01015,23.2407,Africa
South Africa,1985,9,0.04,0.96,32983013,0.0272867733,3664779.22222,23.01015,23.2407,Africa
South Africa,1990,9,0.04,0.96,36793490,0.0244608489,4088165.55556,23.01015,23.2407,Africa
South Africa,1995,9,0.08,0.92,41426810,0.0217250616,4602978.88889,23.01015,23.2407,Africa
South Africa,2000,9,0.05,0.95,44896856,0.0200459471,4988539.55556,23.01015,23.2407,Africa
South Africa,2005,16,0.05,0.95,47606670.244,0.0336087357,2975416.89025,23.01015,23.2407,Africa
South Africa,2010,16,0.06,0.94,50979432.3622,0.0313852063,3186214.52264,23.01015,23.2407,Africa
Armenia,1995,12,0.12,0.88,3217342,0.3729786886,268111.833333,0,24.347,Asia
Armenia,2000,14,0.02,0.98,3069588,0.4560872664,219256.285714,0,24.347,Asia
Armenia,2005,14,0.03,0.97,2981259,0.4696002595,212947.071429,0,24.347,Asia
Armenia,2010,14,0.03,0.97,2877311,0.4865654078,205522.214286,0,24.347,Asia
Azerbaijan,1995,20,0.06,0.94,7685000,0.2602472349,384250,24.763,0,Asia
Azerbaijan,2000,22,0.06,0.94,8048600,0.2733394628,365845.454545,24.763,0,Asia
Azerbaijan,2005,22,0.01,0.99,8391850,0.2621591187,381447.727273,24.763,0,Asia
Azerbaijan,2010,23,0.02,0.98,9054332,0.2540220526,393666.608696,24.763,0,Asia
Bahrain,1970,1,0,1,212605,0.4703558242,212605,,,Asia
Bahrain,1975,1,0,1,266543,0.3751739869,266543,,,Asia
Bahrain,1980,2,0,1,359888,0.5557284489,179944,,,Asia
Bahrain,1985,3,0,1,419430,0.7152564194,139810,,,Asia
Bahrain,1990,4,0,1,495931,0.8065638163,123982.75,,,Asia
Bahrain,1995,4,0,1,563699,0.7095985624,140924.75,,,Asia
Bahrain,2000,4,0,1,664614,0.6018531057,166153.5,,,Asia
Bahrain,2005,8,0,1,889168,0.8997174887,111146,,,Asia
Bahrain,2010,9,0,1,1240862,0.7253022496,137873.555556,,,Asia
China,1960,34,0.38,0.62,667070000,0.0050969164,19619705.8824,23.3104,24.3448,Asia
China,1965,34,0.37,0.63,715185000,0.0047540147,21034852.9412,23.3104,24.3448,Asia
China,1970,34,0.43,0.57,818315000,0.0041548792,24068088.2353,23.3104,24.3448,Asia
China,1975,34,0.46,0.54,916395000,0.0037101905,26952794.1176,23.3104,24.3448,Asia
China,1980,34,0.43,0.57,981235000,0.0034650211,28859852.9412,23.3104,24.3448,Asia
China,1985,34,0.41,0.59,1051040000,0.0032348912,30912941.1765,23.3104,24.3448,Asia
China,1990,34,0.38,0.62,1135185000,0.0029951065,33387794.1176,23.3104,24.3448,Asia
China,1995,34,0.36,0.64,1204855000,0.0028219163,35436911.7647,23.3104,24.3448,Asia
China,2000,35,0.38,0.62,1262645000,0.0027719589,36075571.4286,23.3104,24.3448,Asia
China,2005,35,0.33,0.68,1303720000,0.0026846255,37249142.8571,23.3104,24.3448,Asia
China,2010,35,0.33,0.68,1337705000,0.0026164214,38220142.8571,23.3104,24.3448,Asia
Cyprus,1960,0,0,1,572930,0,inf,18.9924,25.5388,Asia
Cyprus,1965,1,0,1,580966,0.1721271124,580966,18.9924,25.5388,Asia
Cyprus,1970,1,0.02,0.98,613621,0.1629670432,613621,18.9924,25.5388,Asia
Cyprus,1975,1,0.02,0.98,649755,0.1539041639,649755,18.9924,25.5388,Asia
Cyprus,1980,2,0.02,0.98,685406,0.2917978541,342703,18.9924,25.5388,Asia
Cyprus,1985,3,0.02,0.98,703687,0.4263259091,234562.333333,18.9924,25.5388,Asia
Cyprus,1990,4,0.03,0.97,766614,0.5217749741,191653.5,18.9924,25.5388,Asia
Cyprus,1995,5,0.03,0.97,855384,0.5845327946,171076.8,18.9924,25.5388,Asia
Cyprus,2000,5,0.05,0.95,943286,0.5300619324,188657.2,18.9924,25.5388,Asia
Cyprus,2005,6,0.04,0.96,1027658,0.5838518262,171276.333333,18.9924,25.5388,Asia
Cyprus,2010,6,0.03,0.97,1112607,0.5392739754,185434.5,18.9924,25.5388,Asia
Georgia,1995,5,0.04,0.96,4734000,0.1056189269,946800,21.1499,0,Asia
Georgia,2000,5,0.02,0.98,4418300,0.1131656972,883660,21.1499,0,Asia
Georgia,2005,5,0.04,0.96,4190000,0.1193317422,838000,21.1499,0,Asia
Georgia,2010,5,0.09,0.91,3926000,0.1273560876,785200,21.1499,0,Asia
India,1960,40,0,1,449480608,0.0088991603,11237015.2,22.22248462,23.007825,Asia
India,1965,62,0,1,497702365,0.0124572444,8027457.5,22.22248462,23.007825,Asia
India,1970,77,0,1,553578513,0.0139094994,7189331.33766,22.22248462,23.007825,Asia
India,1975,95,0.01,0.99,621301720,0.0152904775,6540018.10526,22.22248462,23.007825,Asia
India,1980,104,0.01,0.99,696783517,0.0149257262,6699841.50962,22.22248462,23.007825,Asia
India,1985,124,0.01,0.99,781666671,0.0158635394,6303763.47581,22.22248462,23.007825,Asia
India,1990,138,0.01,0.99,870133480,0.0158596357,6305315.07246,22.22248462,23.007825,Asia
India,1995,163,0.01,0.99,960482795,0.0169706319,5892532.48466,22.22248462,23.007825,Asia
India,2000,186,0,1,1053050912,0.0176629637,5661564.04301,22.22248462,23.007825,Asia
India,2005,233,0,1,1144118674,0.0203650203,4910380.57511,22.22248462,23.007825,Asia
India,2010,310,0,1,1230980691,0.0251831732,3970905.45484,22.22248462,23.007825,Asia
Indonesia,1960,23,0.01,0.99,87792515,0.0261981332,3817065.86957,23.5741,0,Asia
Indonesia,1965,52,0.01,0.99,100308894,0.0518398698,1929017.19231,23.5741,0,Asia
Indonesia,1970,55,0.01,0.99,114834780,0.0478948973,2087905.09091,23.5741,0,Asia
Indonesia,1975,56,0.01,0.99,130724115,0.0428383088,2334359.19643,23.5741,0,Asia
Indonesia,1990,99,0.01,0.99,181436821,0.0545644481,1832695.16162,23.5741,0,Asia
Indonesia,1995,101,0.01,0.99,196957849,0.0512800076,1950077.71287,23.5741,0,Asia
Indonesia,2000,109,0.01,0.99,211540429,0.0515267935,1940737.88073,23.5741,0,Asia
Indonesia,2005,114,0.01,0.99,226712730,0.0502838989,1988708.15789,23.5741,0,Asia
Indonesia,2010,118,0.01,0.99,242524123,0.0486549538,2055289.17797,23.5741,0,Asia
Iraq,1960,1,0,1,7289761,0.0137178709,7289761,25.1951,25.35781429,Asia
Iraq,1965,3,0,1,8375793,0.0358175041,2791931,25.1951,25.35781429,Asia
Iraq,1970,6,0,1,9917983,0.0604961714,1652997.16667,25.1951,25.35781429,Asia
Iraq,1975,7,0,1,11684589,0.0599079694,1669227,25.1951,25.35781429,Asia
Iraq,1980,7,0,1,13653356,0.0512694461,1950479.42857,25.1951,25.35781429,Asia
Iraq,1985,7,0,1,15576395,0.0449397951,2225199.28571,25.1951,25.35781429,Asia
Iraq,1990,13,0,1,17469005,0.0744175183,1343769.61538,25.1951,25.35781429,Asia
Iraq,1995,15,0,1,20208387,0.074226607,1347225.8,25.1951,25.35781429,Asia
Iraq,2000,19,0.02,0.98,23565413,0.080626637,1240284.89474,25.1951,25.35781429,Asia
Iraq,2005,24,0.01,0.99,27008426,0.0888611576,1125351.08333,25.1951,25.35781429,Asia
Iraq,2010,31,0.01,0.99,30762701,0.1007713855,992345.193548,25.1951,25.35781429,Asia
Israel,1960,5,0,1,2114020,0.2365162108,422804,22.53725,26.5764,Asia
Israel,1965,6,0,1,2563000,0.2341006633,427166.666667,22.53725,26.5764,Asia
Israel,1970,7,0,1,2974000,0.2353732347,424857.142857,22.53725,26.5764,Asia
Israel,1975,8,0,1,3455000,0.2315484805,431875,22.53725,26.5764,Asia
Israel,1980,8,0,1,3878000,0.206291903,484750,22.53725,26.5764,Asia
Israel,1985,9,0,1,4233000,0.2126151665,470333.333333,22.53725,26.5764,Asia
Israel,1990,9,0,1,4660000,0.1931330472,517777.777778,22.53725,26.5764,Asia
Israel,1995,9,0,1,5545000,0.1623083859,616111.111111,22.53725,26.5764,Asia
Israel,2000,9,0.02,0.98,6289000,0.1431070122,698777.777778,22.53725,26.5764,Asia
Israel,2005,9,0.05,0.95,6930100,0.1298682559,770011.111111,22.53725,26.5764,Asia
Israel,2010,9,0.05,0.96,7623600,0.1180544625,847066.666667,22.53725,26.5764,Asia
Japan,1960,69,0.07,0.93,92500572,0.0745941333,1340588,21.66601875,0,Asia
Japan,1965,70,0.09,0.91,98883000,0.0707907325,1412614.28571,21.66601875,0,Asia
Japan,1970,71,0.11,0.89,104345000,0.0680435095,1469647.88732,21.66601875,0,Asia
Japan,1975,75,0.1,0.9,111940000,0.0670001787,1492533.33333,21.66601875,0,Asia
Japan,1980,79,0.1,0.9,116782000,0.0676474114,1478253.16456,21.66601875,0,Asia
Japan,1985,81,0.1,0.9,120754000,0.0670785233,1490790.12346,21.66601875,0,Asia
Japan,1990,83,0.1,0.9,123537000,0.067186349,1488397.59036,21.66601875,0,Asia
Japan,1995,84,0.12,0.88,125439000,0.0669648196,1493321.42857,21.66601875,0,Asia
Japan,2000,85,0.11,0.89,126843000,0.0670119754,1492270.58824,21.66601875,0,Asia
Japan,2005,88,0.12,0.88,127773000,0.0688721404,1451965.90909,21.66601875,0,Asia
Japan,2010,88,0.1,0.91,128070000,0.0687124229,1455340.90909,21.66601875,0,Asia
Jordan,1960,0,0,1,932257,0,inf,0,27.5854,Asia
Jordan,1965,1,0.01,0.99,1172550,0.0852842096,1172550,0,27.5854,Asia
Jordan,1970,1,0.02,0.98,1718913,0.058176301,1718913,0,27.5854,Asia
Jordan,1975,1,0,1,2062918,0.0484750242,2062918,0,27.5854,Asia
Jordan,1980,2,0.01,0.99,2374422,0.0842310255,1187211,0,27.5854,Asia
Jordan,1985,3,0,1,2895985,0.1035916968,965328.333333,0,27.5854,Asia
Jordan,1990,7,0.02,0.98,3560582,0.1965970732,508654.571429,0,27.5854,Asia
Jordan,1995,15,0,1,4572904,0.3280191318,304860.266667,0,27.5854,Asia
Jordan,2000,19,0,1,5103130,0.372320517,268585.789474,0,27.5854,Asia
Jordan,2005,24,0,1,5714111,0.4200128419,238087.958333,0,27.5854,Asia
Jordan,2010,26,0,1,7182390,0.3619964942,276245.769231,0,27.5854,Asia
Kuwait,1960,0,0,1,269618,0,inf,,,Asia
Kuwait,1965,0,0,1,473554,0,inf,,,Asia
Kuwait,1970,1,0,1,746767,0.1339105772,746767,,,Asia
Kuwait,1975,1,0,1,1024940,0.0975666868,1024940,,,Asia
Kuwait,1980,1,0,1,1372318,0.0728694078,1372318,,,Asia
Kuwait,1985,1,0,1,1738994,0.0575045112,1738994,,,Asia
Kuwait,1990,1,0,1,2099615,0.0476277794,2099615,,,Asia
Kuwait,1995,1,0.01,0.99,1610651,0.0620866966,1610651,,,Asia
Kuwait,2000,2,0,1,2050741,0.0975257236,1025370.5,,,Asia
Kuwait,2005,6,0,1,2276623,0.2635482467,379437.166667,,,Asia
Kuwait,2010,6,0,1,2998083,0.2001278817,499680.5,,,Asia
Mongolia,1960,2,0.49,0.51,955505,0.2093133997,477752.5,,,Asia
Mongolia,1965,2,0.54,0.46,1107124,0.1806482381,553562,,,Asia
Mongolia,1970,2,0.59,0.41,1278825,0.1563935644,639412.5,,,Asia
Mongolia,1975,2,0.45,0.55,1479651,0.135167009,739825.5,,,Asia
Mongolia,1980,2,0.34,0.66,1689622,0.1183696708,844811,,,Asia
Mongolia,1985,2,0.33,0.67,1921881,0.1040647158,960940.5,,,Asia
Mongolia,1990,2,0.32,0.68,2184145,0.0915690121,1092072.5,,,Asia
Mongolia,1995,3,0.25,0.75,2298039,0.1305460873,766013,,,Asia
Mongolia,2000,4,0.1,0.9,2397436,0.1668449126,599359,,,Asia
Mongolia,2005,7,0.1,0.9,2526446,0.2770690527,360920.857143,,,Asia
Mongolia,2010,7,0.31,0.69,2712650,0.2580502461,387521.428571,,,Asia
Oman,1970,0,0,1,723852,0,inf,,,Asia
Oman,1975,0,0,1,882044,0,inf,,,Asia
Oman,1980,0,0,1,1154379,0,inf,,,Asia
Oman,1985,0,0,1,1498417,0,inf,,,Asia
Oman,1990,1,0,1,1812160,0.0551827653,1812160,,,Asia
Oman,1995,2,0,1,2204283,0.0907324513,1102141.5,,,Asia
Oman,2000,3,0,1,2267991,0.1322756572,755997,,,Asia
Oman,2005,10,0,1,2511269,0.3982050509,251126.9,,,Asia
Oman,2010,13,0,1,3041460,0.4274263018,233958.461538,,,Asia
Qatar,1970,0,0,1,109514,0,inf,,,Asia
Qatar,1975,1,0,1,164413,0.6082244105,164413,,,Asia
Qatar,1980,1,0,1,223775,0.4468774439,223775,,,Asia
Qatar,1985,1,0,1,371081,0.2694829431,371081,,,Asia
Qatar,1990,1,0,1,476445,0.209887815,476445,,,Asia
Qatar,1995,2,0,1,513455,0.3895180688,256727.5,,,Asia
Qatar,2000,2,0.02,0.98,592267,0.3376855371,296133.5,,,Asia
Qatar,2005,2,0.04,0.96,864863,0.2312504986,432431.5,,,Asia
Qatar,2010,2,0.02,0.98,1779676,0.1123800062,889838,,,Asia
Syria,1960,2,0,1,4573512,0.04373007,2286756,,,Asia
Syria,1965,2,0,1,5373137,0.0372222037,2686568.5,,,Asia
Syria,1970,2,0.01,0.99,6350541,0.0314933799,3175270.5,,,Asia
Syria,1975,3,0,1,7535714,0.039810428,2511904.66667,,,Asia
Syria,1980,4,0,1,8930774,0.0447889511,2232693.5,,,Asia
Syria,1985,4,0,1,10648632,0.0375635105,2662158,,,Asia
Syria,1990,4,0,1,12446171,0.0321383982,3111542.75,,,Asia
Syria,1995,4,0,1,14345492,0.0278833239,3586373,,,Asia
Syria,2000,4,0.01,0.99,16410848,0.0243741213,4102712,,,Asia
Syria,2005,11,0.01,0.99,18294611,0.0601269959,1663146.45455,,,Asia
Syria,2010,21,0.01,0.99,21018834,0.0999103946,1000896.85714,,,Asia
Turkey,1960,14,0,1,27472331,0.0509603644,1962309.35714,25.43019412,25.20416,Asia
Turkey,1965,14,0,1,30972965,0.0452007097,2212354.64286,25.43019412,25.20416,Asia
Turkey,1970,18,0,1,34876267,0.0516110282,1937570.38889,25.43019412,25.20416,Asia
Turkey,1975,24,0,1,39277211,0.0611041349,1636550.45833,25.43019412,25.20416,Asia
Turkey,1980,25,0,1,43975921,0.0568492926,1759036.84,25.43019412,25.20416,Asia
Turkey,1985,34,0,1,49133883,0.0691986831,1445114.20588,25.43019412,25.20416,Asia
Turkey,1990,35,0,1,53921699,0.064908934,1540619.97143,25.43019412,25.20416,Asia
Turkey,1995,62,0,1,58486381,0.1060075849,943328.725806,25.43019412,25.20416,Asia
Turkey,2000,77,0,1,63240121,0.1217581478,821300.272727,25.43019412,25.20416,Asia
Turkey,2005,82,0.01,1,67903406,0.1207597746,828090.317073,25.43019412,25.20416,Asia
Turkey,2010,137,0.01,1,72326914,0.1894177318,527933.678832,25.43019412,25.20416,Asia
United Arab Emirates,1970,0,0,1,235499,0,inf,,,Asia
United Arab Emirates,1975,0,0,1,554324,0,inf,,,Asia
United Arab Emirates,1980,1,0,1,1042384,0.0959339361,1042384,,,Asia
United Arab Emirates,1985,2,0,1,1391052,0.1437760774,695526,,,Asia
United Arab Emirates,1990,3,0,1,1860174,0.1612752355,620058,,,Asia
United Arab Emirates,1995,3,0,1,2448820,0.1225079834,816273.333333,,,Asia
United Arab Emirates,2000,4,0.01,0.99,3154925,0.1267858982,788731.25,,,Asia
United Arab Emirates,2005,7,0.01,0.99,4579562,0.1528530458,654223.142857,,,Asia
United Arab Emirates,2010,12,0.01,0.99,8270684,0.1450907809,689223.666667,,,Asia
Dominican Republic,1960,2,0,1,3294042,0.06071568,1647021,,,Dominican Republic
Dominican Republic,1965,2,0,1,3878948,0.0515603715,1939474,,,Dominican Republic
Dominican Republic,1970,2,0.11,0.89,4503114,0.0444137102,2251557,,,Dominican Republic
Dominican Republic,1975,2,0.12,0.88,5149935,0.0388354416,2574967.5,,,Dominican Republic
Dominican Republic,1980,2,0.11,0.89,5809269,0.0344277395,2904634.5,,,Dominican Republic
Dominican Republic,1985,2,0.11,0.89,6488856,0.030822074,3244428,,,Dominican Republic
Dominican Republic,1990,2,0.11,0.89,7183647,0.0278410117,3591823.5,,,Dominican Republic
Dominican Republic,1995,2,0.11,0.89,7892423,0.0253407604,3946211.5,,,Dominican Republic
Dominican Republic,2000,2,0.2,0.8,8562622,0.0233573314,4281311,,,Dominican Republic
Dominican Republic,2005,2,0.18,0.82,9237566,0.0216507249,4618783,,,Dominican Republic
Dominican Republic,2010,2,0.12,0.88,9897985,0.0202061329,4948992.5,,,Dominican Republic
Albania,1960,4,0.15,0.85,1608800,0.2486325211,402200,,,Europe
Albania,1965,4,0.21,0.79,1864791,0.2145012497,466197.75,,,Europe
Albania,1970,4,0.24,0.76,2135479,0.1873116055,533869.75,,,Europe
Albania,1975,5,0.25,0.75,2404831,0.2079148181,480966.2,,,Europe
Albania,1980,5,0.26,0.74,2671997,0.1871259586,534399.4,,,Europe
Albania,1985,5,0.27,0.73,2964762,0.1686476014,592952.4,,,Europe
Albania,1990,5,0.27,0.73,3286542,0.1521355881,657308.4,,,Europe
Albania,1995,7,0.17,0.83,3187784,0.2195882783,455397.714286,,,Europe
Albania,2000,7,0.11,0.89,3089027,0.2266085729,441289.571429,,,Europe
Albania,2005,8,0.11,0.89,3011487,0.2656494948,376435.875,,,Europe
Albania,2010,9,0.15,0.85,2913021,0.3089576079,323669,,,Europe
Austria,1960,3,0.04,0.96,7047539,0.0425680511,2349179.66667,24.0312,24.8533,Europe
Austria,1965,5,0.04,0.96,7270889,0.0687673818,1454177.8,24.0312,24.8533,Europe
Austria,1970,6,0.04,0.96,7467086,0.0803526302,1244514.33333,24.0312,24.8533,Europe
Austria,1975,7,0.05,0.95,7578903,0.0923616518,1082700.42857,24.0312,24.8533,Europe
Austria,1980,7,0.06,0.94,7549433,0.0927221952,1078490.42857,24.0312,24.8533,Europe
Austria,1985,7,0.06,0.94,7564985,0.0925315781,1080712.14286,24.0312,24.8533,Europe
Austria,1990,7,0.09,0.91,7677850,0.0911713566,1096835.71429,24.0312,24.8533,Europe
Austria,1995,7,0.09,0.91,7948278,0.0880693906,1135468.28571,24.0312,24.8533,Europe
Austria,2000,7,0.12,0.88,8011566,0.0873736795,1144509.42857,24.0312,24.8533,Europe
Austria,2005,7,0.14,0.86,8227829,0.0850771206,1175404.14286,24.0312,24.8533,Europe
Austria,2010,7,0.15,0.85,8363404,0.0836979775,1194772,24.0312,24.8533,Europe
Belarus,1995,11,0.29,0.71,10194000,0.1079066117,926727.272727,23.79,0,Europe
Belarus,2000,11,0.41,0.59,9979610,0.1102247483,907237.272727,23.79,0,Europe
Belarus,2005,11,0.49,0.51,9663915,0.1138255045,878537.727273,23.79,0,Europe
Belarus,2010,11,0.41,0.59,9490583,0.1159043654,862780.272727,23.79,0,Europe
Belgium,1960,3,0.03,0.97,9153489,0.032774388,3051163,23.5907,22.2296,Europe
Belgium,1965,6,0.04,0.96,9463667,0.0634003711,1577277.83333,23.5907,22.2296,Europe
Belgium,1970,11,0.06,0.94,9655549,0.113924128,877777.181818,23.5907,22.2296,Europe
Belgium,1975,11,0.06,0.94,9800700,0.112236881,890972.727273,23.5907,22.2296,Europe
Belgium,1980,11,0.06,0.94,9859242,0.1115704432,896294.727273,23.5907,22.2296,Europe
Belgium,1985,11,0.09,0.91,9858308,0.1115810137,896209.818182,23.5907,22.2296,Europe
Belgium,1990,11,0.11,0.89,9967379,0.1103600054,906125.363636,23.5907,22.2296,Europe
Belgium,1995,12,0.14,0.86,10136811,0.1183804256,844734.25,23.5907,22.2296,Europe
Belgium,2000,12,0.15,0.85,10251250,0.1170588953,854270.833333,23.5907,22.2296,Europe
Belgium,2005,13,0.17,0.83,10478617,0.1240621735,806047.461538,23.5907,22.2296,Europe
Belgium,2010,15,0.19,0.81,10895586,0.1376704291,726372.4,23.5907,22.2296,Europe
Bosnia and Herzegovina,1995,6,0.05,0.95,3843712,0.1560991042,640618.666667,23.7692,0,Europe
Bosnia and Herzegovina,2000,8,0.08,0.92,3766706,0.2123871627,470838.25,23.7692,0,Europe
Bosnia and Herzegovina,2005,8,0.05,0.95,3781530,0.2115545824,472691.25,23.7692,0,Europe
Bosnia and Herzegovina,2010,8,0.03,0.97,3722084,0.2149333545,465260.5,23.7692,0,Europe
Bulgaria,1960,7,0.14,0.86,7867374,0.0889750506,1123910.57143,22.4516,0,Europe
Bulgaria,1965,10,0.18,0.82,8204168,0.1218892641,820416.8,22.4516,0,Europe
Bulgaria,1970,10,0.18,0.82,8489574,0.1177915405,848957.4,22.4516,0,Europe
Bulgaria,1975,13,0.15,0.85,8720742,0.1490698842,670826.307692,22.4516,0,Europe
Bulgaria,1980,13,0.11,0.89,8861535,0.1467014462,681656.538462,22.4516,0,Europe
Bulgaria,1985,13,0.13,0.87,8960547,0.1450804287,689272.846154,22.4516,0,Europe
Bulgaria,1990,14,0.1,0.9,8718289,0.1605819674,622734.928571,22.4516,0,Europe
Bulgaria,1995,23,0.07,0.93,8406067,0.2736119044,365481.173913,22.4516,0,Europe
Bulgaria,2000,23,0.04,0.96,8170172,0.2815118213,355224.869565,22.4516,0,Europe
Bulgaria,2005,24,0.04,0.96,7658972,0.3133579807,319123.833333,22.4516,0,Europe
Bulgaria,2010,24,0.05,0.95,7395599,0.3245173244,308149.958333,22.4516,0,Europe
Croatia,1995,4,0.07,0.93,4669000,0.08567145,1167250,23.5162,24.596,Europe
Croatia,2000,4,0.04,0.96,4426000,0.0903750565,1106500,23.5162,24.596,Europe
Croatia,2005,6,0.05,0.95,4442000,0.1350742909,740333.333333,23.5162,24.596,Europe
Croatia,2010,7,0.06,0.94,4417781,0.1584505887,631111.571429,23.5162,24.596,Europe
Czech Republic,1995,15,0.66,0.34,10327253,0.1452467563,688483.533333,24.6904,24.62743333,Europe
Czech Republic,2000,15,0.59,0.41,10255063,0.1462692136,683670.866667,24.6904,24.62743333,Europe
Czech Republic,2005,15,0.69,0.31,10211216,0.1468972941,680747.733333,24.6904,24.62743333,Europe
Czech Republic,2010,15,0.76,0.24,10474410,0.1432061567,698294,24.6904,24.62743333,Europe
Denmark,1960,1,0.01,0.99,4579603,0.0218359539,4579603,23.3310125,0,Europe
Denmark,1965,1,0.02,0.98,4759012,0.0210127648,4759012,23.3310125,0,Europe
Denmark,1970,2,0.02,0.98,4928757,0.0405781823,2464378.5,23.3310125,0,Europe
Denmark,1975,4,0.03,0.97,5059862,0.0790535394,1264965.5,23.3310125,0,Europe
Denmark,1980,4,0.04,0.96,5123027,0.0780788389,1280756.75,23.3310125,0,Europe
Denmark,1985,4,0.04,0.96,5113691,0.0782213865,1278422.75,23.3310125,0,Europe
Denmark,1990,4,0.05,0.95,5140939,0.0778067976,1285234.75,23.3310125,0,Europe
Denmark,1995,4,0.07,0.93,5233373,0.0764325417,1308343.25,23.3310125,0,Europe
Denmark,2000,4,0.08,0.92,5339616,0.074911754,1334904,23.3310125,0,Europe
Denmark,2005,4,0.09,0.91,5419432,0.0738084729,1354858,23.3310125,0,Europe
Denmark,2010,4,0.1,0.9,5547683,0.0721021731,1386920.75,23.3310125,0,Europe
Estonia,1995,3,0.54,0.46,1436634,0.2088214535,478878,23.13905,22.5124,Europe
Estonia,2000,3,0.54,0.46,1396985,0.2147481899,465661.666667,23.13905,22.5124,Europe
Estonia,2005,3,0.63,0.37,1354775,0.2214389843,451591.666667,23.13905,22.5124,Europe
Estonia,2010,3,0.69,0.31,1331475,0.2253140314,443825,23.13905,22.5124,Europe
Finland,1960,5,0.04,0.96,4429634,0.1128761428,885926.8,22.97905,0,Europe
Finland,1965,5,0.05,0.95,4563732,0.109559457,912746.4,22.97905,0,Europe
Finland,1970,8,0.05,0.95,4606307,0.1736749201,575788.375,22.97905,0,Europe
Finland,1975,9,0.07,0.93,4711440,0.1910244002,523493.333333,22.97905,0,Europe
Finland,1980,10,0.08,0.92,4779535,0.2092253744,477953.5,22.97905,0,Europe
Finland,1985,14,0.09,0.91,4902206,0.2855857139,350157.571429,22.97905,0,Europe
Finland,1990,15,0.1,0.9,4986431,0.3008163554,332428.733333,22.97905,0,Europe
Finland,1995,16,0.12,0.88,5107790,0.3132470207,319236.875,22.97905,0,Europe
Finland,2000,16,0.13,0.87,5176209,0.3091065295,323513.0625,22.97905,0,Europe
Finland,2005,16,0.15,0.85,5246096,0.3049887002,327881,22.97905,0,Europe
Finland,2010,16,0.17,0.83,5363352,0.2983209008,335209.5,22.97905,0,Europe
France,1960,29,0.09,0.91,46814237,0.0619469671,1614284.03448,24.05144222,24.88099333,Europe
France,1965,31,0.09,0.91,50023774,0.0619705343,1613670.12903,24.05144222,24.88099333,Europe
France,1970,84,0.1,0.9,52035095,0.1614295121,619465.416667,24.05144222,24.88099333,Europe
France,1975,92,0.11,0.89,54252574,0.1695772075,589701.891304,24.05144222,24.88099333,Europe
France,1980,99,0.12,0.88,55340782,0.1788915813,558997.79798,24.05144222,24.88099333,Europe
France,1985,100,0.13,0.87,56795686,0.1760697106,567956.86,24.05144222,24.88099333,Europe
France,1990,100,0.16,0.84,58512808,0.1709027535,585128.08,24.05144222,24.88099333,Europe
France,1995,101,0.18,0.82,59541900,0.1696284465,589523.762376,24.05144222,24.88099333,Europe
France,2000,101,0.18,0.82,60912498,0.1658116205,603094.039604,24.05144222,24.88099333,Europe
France,2005,101,0.18,0.83,63179356,0.1598623449,625538.178218,24.05144222,24.88099333,Europe
France,2010,102,0.19,0.81,65027512,0.1568566855,637524.627451,24.05144222,24.88099333,Europe
Germany,1990,71,0.17,0.83,79433029,0.089383473,1118775.05634,23.94106606,25.83218333,Europe
Germany,1995,76,0.19,0.81,81678051,0.0930482536,1074711.19737,23.94106606,25.83218333,Europe
Germany,2000,76,0.27,0.73,82211508,0.0924444787,1081730.36842,23.94106606,25.83218333,Europe
Germany,2005,76,0.23,0.77,82469422,0.0921553688,1085123.97368,23.94106606,25.83218333,Europe
Germany,2010,76,0.23,0.77,81776930,0.0929357461,1076012.23684,23.94106606,25.83218333,Europe
Greece,1960,4,0,1,8331725,0.0480092658,2082931.25,25.6673,25.3182,Europe
Greece,1965,5,0,1,8550333,0.0584772546,1710066.6,25.6673,25.3182,Europe
Greece,1970,6,0,1,8792806,0.0682376024,1465467.66667,25.6673,25.3182,Europe
Greece,1975,8,0,1,9046541,0.0884315895,1130817.625,25.6673,25.3182,Europe
Greece,1980,9,0,1,9642505,0.0933367419,1071389.44444,25.6673,25.3182,Europe
Greece,1985,12,0.01,0.99,9934300,0.120793614,827858.333333,25.6673,25.3182,Europe
Greece,1990,15,0.02,0.98,10196792,0.1471050895,679786.133333,25.6673,25.3182,Europe
Greece,1995,15,0.02,0.98,10562153,0.1420164999,704143.533333,25.6673,25.3182,Europe
Greece,2000,15,0.02,0.98,10805808,0.1388142377,720387.2,25.6673,25.3182,Europe
Greece,2005,15,0.02,0.98,10987314,0.1365210824,732487.6,25.6673,25.3182,Europe
Greece,2010,15,0.03,0.97,11121341,0.1348758212,741422.733333,25.6673,25.3182,Europe
Hungary,1960,13,0.11,0.89,9983967,0.1302087637,767997.461538,26.3256,23.26331765,Europe
Hungary,1965,14,0.12,0.88,10147935,0.137959102,724852.5,26.3256,23.26331765,Europe
Hungary,1970,16,0.14,0.86,10337910,0.1547701615,646119.375,26.3256,23.26331765,Europe
Hungary,1975,17,0.15,0.85,10540525,0.1612822891,620030.882353,26.3256,23.26331765,Europe
Hungary,1980,17,0.17,0.83,10711122,0.1587135316,630066,26.3256,23.26331765,Europe
Hungary,1985,17,0.18,0.82,10648713,0.1596437053,626394.882353,26.3256,23.26331765,Europe
Hungary,1990,18,0.2,0.8,10373988,0.1735109005,576332.666667,26.3256,23.26331765,Europe
Hungary,1995,19,0.22,0.78,10328965,0.1839487306,543629.736842,26.3256,23.26331765,Europe
Hungary,2000,22,0.21,0.79,10210971,0.2154545341,464135.045455,26.3256,23.26331765,Europe
Hungary,2005,24,0.24,0.76,10087065,0.2379284757,420294.375,26.3256,23.26331765,Europe
Hungary,2010,24,0.27,0.73,10000023,0.239999448,416667.625,26.3256,23.26331765,Europe
Iceland,1960,1,0.01,0.99,175574,0.5695604133,175574,,,Europe
Iceland,1965,1,0.01,0.99,192286,0.5200586626,192286,,,Europe
Iceland,1970,1,0.01,0.99,204438,0.4891458535,204438,,,Europe
Iceland,1975,2,0.01,0.99,217979,0.9175195776,108989.5,,,Europe
Iceland,1980,2,0.01,0.99,228138,0.876662371,114069,,,Europe
Iceland,1985,2,0.01,0.99,241405,0.8284832543,120702.5,,,Europe
Iceland,1990,4,0.01,0.99,254826,1.5696985394,63706.5,,,Europe
Iceland,1995,4,0.01,0.99,267468,1.4955060045,66867,,,Europe
Iceland,2000,4,0.02,0.98,281205,1.4224498142,70301.25,,,Europe
Iceland,2005,4,0.02,0.98,296734,1.3480086542,74183.5,,,Europe
Iceland,2010,4,0.03,0.97,318041,1.257699479,79510.25,,,Europe
Ireland,1960,5,0,1,2828600,0.1767658913,565720,24.32678333,23.8336,Europe
Ireland,1965,5,0,1,2877300,0.1737740243,575460,24.32678333,23.8336,Europe
Ireland,1970,8,0,1,2957250,0.2705215995,369656.25,24.32678333,23.8336,Europe
Ireland,1975,9,0,1,3189550,0.2821714662,354394.444444,24.32678333,23.8336,Europe
Ireland,1980,11,0,1,3412800,0.3223159869,310254.545455,24.32678333,23.8336,Europe
Ireland,1985,11,0.01,0.99,3538082,0.3109029129,321643.818182,24.32678333,23.8336,Europe
Ireland,1990,13,0.02,0.98,3513974,0.3699515136,270305.692308,24.32678333,23.8336,Europe
Ireland,1995,15,0.02,0.98,3608841,0.4156459096,240589.4,24.32678333,23.8336,Europe
Ireland,2000,15,0.04,0.96,3805174,0.3942001075,253678.266667,24.32678333,23.8336,Europe
Ireland,2005,15,0.04,0.96,4159914,0.3605843775,277327.6,24.32678333,23.8336,Europe
Ireland,2010,15,0.06,0.94,4560155,0.3289361875,304010.333333,24.32678333,23.8336,Europe
Italy,1960,21,0.07,0.93,50199700,0.0418329193,2390461.90476,24.8225,24.83259522,Europe
Italy,1965,21,0.1,0.9,52112350,0.0402975494,2481540.47619,24.8225,24.83259522,Europe
Italy,1970,23,0.11,0.89,53821850,0.0427335738,2340080.43478,24.8225,24.83259522,Europe
Italy,1975,23,0.12,0.88,55441001,0.0414855424,2410478.30435,24.8225,24.83259522,Europe
Italy,1980,27,0.13,0.87,56433883,0.0478435978,2090143.81481,24.8225,24.83259522,Europe
Italy,1985,36,0.14,0.86,56593071,0.0636120277,1572029.75,24.8225,24.83259522,Europe
Italy,1990,39,0.14,0.86,56719240,0.0687597366,1454339.48718,24.8225,24.83259522,Europe
Italy,1995,44,0.15,0.85,56844303,0.0774044147,1291915.97727,24.8225,24.83259522,Europe
Italy,2000,44,0.13,0.87,56942108,0.0772714631,1294138.81818,24.8225,24.83259522,Europe
Italy,2005,44,0.11,0.89,57969484,0.0759020039,1317488.27273,24.8225,24.83259522,Europe
Italy,2010,44,0.19,0.81,59277417,0.0742272559,1347214.02273,24.8225,24.83259522,Europe
Latvia,1995,4,0.45,0.55,2485056,0.1609621675,621264,25.4018,0,Europe
Latvia,2000,4,0.45,0.55,2367550,0.1689510253,591887.5,25.4018,0,Europe
Latvia,2005,4,0.41,0.59,2238799,0.1786672229,559699.75,25.4018,0,Europe
Latvia,2010,4,0.2,0.8,2097555,0.1906982177,524388.75,25.4018,0,Europe
Lithuania,1995,7,0.14,0.86,3629102,0.1928851821,518443.142857,23.80155,0,Europe
Lithuania,2000,7,0.13,0.87,3499536,0.2000265178,499933.714286,23.80155,0,Europe
Lithuania,2005,7,0.13,0.87,3322528,0.2106829499,474646.857143,23.80155,0,Europe
Lithuania,2010,7,0.15,0.85,3097282,0.2260046066,442468.857143,23.80155,0,Europe
Malta,1965,2,0,1,318800,0.6273525721,159400,,,Europe
Malta,1970,2,0,1,302650,0.6608293408,151325,,,Europe
Malta,1975,2,0.01,0.99,304222,0.6574146511,152111,,,Europe
Malta,1980,2,0.01,0.99,316645,0.6316221636,158322.5,,,Europe
Malta,1985,2,0.01,0.99,336452,0.594438434,168226,,,Europe
Malta,1990,2,0.01,0.99,354170,0.5647005675,177085,,,Europe
Malta,1995,2,0.01,0.99,377419,0.5299150281,188709.5,,,Europe
Malta,2000,2,0.02,0.98,390087,0.5127061399,195043.5,,,Europe
Malta,2005,2,0.02,0.98,403834,0.495253,201917,,,Europe
Malta,2010,2,0.02,0.99,414508,0.4824997346,207254,,,Europe
Montenegro,2010,1,0.05,0.95,619428,0.1614392633,619428,0,23.5111,Europe
Netherlands,1960,11,0.08,0.92,11486631,0.0957635011,1044239.18182,23.75125517,25.1582,Europe
Netherlands,1965,12,0.09,0.91,12294732,0.0976027782,1024561,23.75125517,25.1582,Europe
Netherlands,1970,13,0.1,0.9,13038526,0.0997045218,1002963.53846,23.75125517,25.1582,Europe
Netherlands,1975,15,0.12,0.88,13666335,0.1097587612,911089,23.75125517,25.1582,Europe
Netherlands,1980,15,0.15,0.85,14149800,0.1060085655,943320,23.75125517,25.1582,Europe
Netherlands,1985,16,0.17,0.83,14491632,0.1104085447,905727,23.75125517,25.1582,Europe
Netherlands,1990,16,0.19,0.81,14951510,0.1070126027,934469.375,23.75125517,25.1582,Europe
Netherlands,1995,16,0.21,0.79,15459006,0.1034995394,966187.875,23.75125517,25.1582,Europe
Netherlands,2000,16,0.26,0.74,15925513,0.1004677212,995344.5625,23.75125517,25.1582,Europe
Netherlands,2005,17,0.25,0.75,16319868,0.1041675092,959992.235294,23.75125517,25.1582,Europe
Netherlands,2010,17,0.34,0.66,16615394,0.102314757,977376.117647,23.75125517,25.1582,Europe
Norway,1960,2,0.03,0.97,3581239,0.0558465939,1790619.5,23.431525,23.0819,Europe
Norway,1965,2,0.04,0.96,3723168,0.0537176942,1861584,23.431525,23.0819,Europe
Norway,1970,3,0.06,0.94,3875763,0.0774041137,1291921,23.431525,23.0819,Europe
Norway,1975,3,0.08,0.92,4007313,0.0748631315,1335771,23.431525,23.0819,Europe
Norway,1980,3,0.09,0.91,4085620,0.0734282679,1361873.33333,23.431525,23.0819,Europe
Norway,1985,3,0.09,0.91,4152516,0.0722453568,1384172,23.431525,23.0819,Europe
Norway,1990,3,0.08,0.92,4241473,0.0707301449,1413824.33333,23.431525,23.0819,Europe
Norway,1995,3,0.06,0.94,4359184,0.0688202196,1453061.33333,23.431525,23.0819,Europe
Norway,2000,4,0.07,0.93,4490967,0.0890676774,1122741.75,23.431525,23.0819,Europe
Norway,2005,4,0.07,0.93,4623291,0.0865184562,1155822.75,23.431525,23.0819,Europe
Norway,2010,4,0.11,0.89,4889252,0.0818121054,1222313,23.431525,23.0819,Europe
Poland,1960,40,0.04,0.96,29637450,0.1349643778,740936.25,23.84411364,25.002925,Europe
Poland,1965,41,0.03,0.97,31444950,0.1303865963,766950,23.84411364,25.002925,Europe
Poland,1970,47,0.03,0.97,32664300,0.1438879756,694985.106383,23.84411364,25.002925,Europe
Poland,1975,48,0.03,0.97,34015199,0.1411133888,708649.979167,23.84411364,25.002925,Europe
Poland,1980,48,0.03,0.97,35574150,0.1349294361,741128.125,23.84411364,25.002925,Europe
Poland,1985,49,0.03,0.97,37201885,0.1317137559,759222.142857,23.84411364,25.002925,Europe
Poland,1990,49,0.03,0.97,38110782,0.1285725389,777771.061224,23.84411364,25.002925,Europe
Poland,1995,50,0.03,0.97,38594998,0.1295504666,771899.96,23.84411364,25.002925,Europe
Poland,2000,52,0.05,0.95,38258629,0.1359170502,735742.865385,23.84411364,25.002925,Europe
Poland,2005,56,0.06,0.95,38165445,0.1467295875,681525.803571,23.84411364,25.002925,Europe
Poland,2010,60,0.08,0.92,38042794,0.1577171225,634046.566667,23.84411364,25.002925,Europe
Portugal,1960,3,0.02,0.98,8857716,0.0338687761,2952572,24.7417,25.136,Europe
Portugal,1965,3,0.03,0.97,8998595,0.0333385378,2999531.66667,24.7417,25.136,Europe
Portugal,1970,3,0.04,0.96,8680431,0.0345604959,2893477,24.7417,25.136,Europe
Portugal,1975,6,0.04,0.96,9093470,0.065981413,1515578.33333,24.7417,25.136,Europe
Portugal,1980,7,0.04,0.96,9766312,0.0716749578,1395187.42857,24.7417,25.136,Europe
Portugal,1985,7,0.05,0.95,10023613,0.0698350984,1431944.71429,24.7417,25.136,Europe
Portugal,1990,7,0.04,0.96,9983218,0.0701176715,1426174,24.7417,25.136,Europe
Portugal,1995,7,0.05,0.95,10026176,0.0698172464,1432310.85714,24.7417,25.136,Europe
Portugal,2000,7,0.03,0.97,10289898,0.0680278852,1469985.42857,24.7417,25.136,Europe
Portugal,2005,7,0.05,0.95,10503330,0.0666455305,1500475.71429,24.7417,25.136,Europe
Portugal,2010,7,0.07,0.93,10573100,0.0662057486,1510442.85714,24.7417,25.136,Europe
Romania,1960,16,0.05,0.95,18406905,0.0869239017,1150431.5625,22.492475,23.9304,Europe
Romania,1965,18,0.05,0.95,19031576,0.0945796607,1057309.77778,22.492475,23.9304,Europe
Romania,1970,18,0.07,0.93,20250398,0.0888871419,1125022.11111,22.492475,23.9304,Europe
Romania,1975,20,0.08,0.92,21293583,0.0939250102,1064679.15,22.492475,23.9304,Europe
Romania,1980,20,0.09,0.91,22242653,0.0899173314,1112132.65,22.492475,23.9304,Europe
Romania,1985,20,0.09,0.91,22755427,0.0878911215,1137771.35,22.492475,23.9304,Europe
Romania,1990,33,0.08,0.92,23201835,0.1422301296,703085.909091,22.492475,23.9304,Europe
Romania,1995,51,0.05,0.95,22684270,0.2248253966,444789.607843,22.492475,23.9304,Europe
Romania,2000,54,0.01,0.99,22442971,0.2406098551,415610.574074,22.492475,23.9304,Europe
Romania,2005,55,0.01,0.99,21319685,0.2579775452,387630.636364,22.492475,23.9304,Europe
Romania,2010,55,0.02,0.98,20246871,0.2716469128,368124.927273,22.492475,23.9304,Europe
Russia,1960,26,0.5,0.5,119897000,0.0216852799,4611423.07692,23.07261731,0,Europe
Russia,1965,26,0.5,0.5,126745000,0.0205136297,4874807.69231,23.07261731,0,Europe
Russia,1970,31,0.51,0.49,130404000,0.0237722769,4206580.64516,23.07261731,0,Europe
Russia,1975,40,0.54,0.46,134200000,0.0298062593,3355000,23.07261731,0,Europe
Russia,1980,42,0.56,0.44,139010000,0.0302136537,3309761.90476,23.07261731,0,Europe
Russia,1985,45,0.58,0.42,143858000,0.0312808464,3196844.44444,23.07261731,0,Europe
Russia,1990,50,0.61,0.39,148292000,0.0337172605,2965840,23.07261731,0,Europe
Russia,1995,107,0.63,0.37,148375726,0.0721142217,1386689.02804,23.07261731,0,Europe
Russia,2000,108,0.12,0.88,146596557,0.0736715802,1357375.52778,23.07261731,0,Europe
Russia,2005,108,0.12,0.88,143518523,0.0752516106,1328875.21296,23.07261731,0,Europe
Russia,2010,108,0.14,0.86,142849449,0.0756040718,1322680.08333,23.07261731,0,Europe
Slovenia,1995,3,0.07,0.93,1989872,0.1507634662,663290.666667,24.1165,0,Europe
Slovenia,2000,3,0.1,0.9,1988925,0.1508352502,662975,24.1165,0,Europe
Slovenia,2005,3,0.17,0.83,2000474,0.1499644584,666824.666667,24.1165,0,Europe
Slovenia,2010,3,0.24,0.76,2048583,0.1464426875,682861,24.1165,0,Europe
Spain,1960,32,0.01,0.99,30455000,0.1050730586,951718.75,23.95731,25.35343333,Europe
Spain,1965,34,0.02,0.98,31954292,0.1064019819,939832.117647,23.95731,25.35343333,Europe
Spain,1970,37,0.02,0.98,33814531,0.1094204146,913906.243243,23.95731,25.35343333,Europe
Spain,1975,44,0.02,0.98,35757900,0.1230497317,812679.545455,23.95731,25.35343333,Europe
Spain,1980,50,0.02,0.98,37491165,0.1333647541,749823.3,23.95731,25.35343333,Europe
Spain,1985,51,0.03,0.97,38469512,0.1325725161,754304.156863,23.95731,25.35343333,Europe
Spain,1990,56,0.03,0.97,38867322,0.1440799034,694059.321429,23.95731,25.35343333,Europe
Spain,1995,65,0.04,0.96,39724050,0.1636288344,611139.230769,23.95731,25.35343333,Europe
Spain,2000,65,0.13,0.88,40567864,0.1602253449,624120.984615,23.95731,25.35343333,Europe
Spain,2005,65,0.14,0.87,43653155,0.1489010359,671587,23.95731,25.35343333,Europe
Spain,2010,65,0.16,0.84,46576897,0.1395541657,716567.646154,23.95731,25.35343333,Europe
Sweden,1960,4,0.03,0.97,7484656,0.0534426699,1871164,23.99741364,24.32313333,Europe
Sweden,1965,5,0.04,0.96,7733853,0.064650828,1546770.6,23.99741364,24.32313333,Europe
Sweden,1970,5,0.05,0.95,8042801,0.0621673967,1608560.2,23.99741364,24.32313333,Europe
Sweden,1975,6,0.06,0.94,8192437,0.0732382806,1365406.16667,23.99741364,24.32313333,Europe
Sweden,1980,6,0.07,0.93,8310531,0.0721975527,1385088.5,23.99741364,24.32313333,Europe
Sweden,1985,6,0.06,0.94,8350386,0.0718529658,1391731,23.99741364,24.32313333,Europe
Sweden,1990,6,0.06,0.94,8558835,0.0701029988,1426472.5,23.99741364,24.32313333,Europe
Sweden,1995,6,0.07,0.93,8826939,0.0679737336,1471156.5,23.99741364,24.32313333,Europe
Sweden,2000,6,0.09,0.91,8872109,0.0676276633,1478684.83333,23.99741364,24.32313333,Europe
Sweden,2005,6,0.11,0.89,9029572,0.0664483322,1504928.66667,23.99741364,24.32313333,Europe
Sweden,2010,6,0.16,0.84,9378126,0.063978667,1563021,23.99741364,24.32313333,Europe
Switzerland,1960,9,0.01,0.99,5327827,0.1689244039,591980.777778,23.99348077,24.34595,Europe
Switzerland,1965,9,0.01,0.99,5856472,0.1536761381,650719.111111,23.99348077,24.34595,Europe
Switzerland,1970,9,0.01,0.99,6180877,0.1456104045,686764.111111,23.99348077,24.34595,Europe
Switzerland,1975,9,0.01,0.99,6338632,0.1419864728,704292.444444,23.99348077,24.34595,Europe
Switzerland,1980,9,0.04,0.96,6319408,0.1424184037,702156.444444,23.99348077,24.34595,Europe
Switzerland,1985,9,0.05,0.95,6470365,0.1390957079,718929.444444,23.99348077,24.34595,Europe
Switzerland,1990,9,0.08,0.92,6715519,0.1340179367,746168.777778,23.99348077,24.34595,Europe
Switzerland,1995,9,0.09,0.91,7040687,0.1278284349,782298.555556,23.99348077,24.34595,Europe
Switzerland,2000,9,0.11,0.89,7184250,0.125274037,798250,23.99348077,24.34595,Europe
Switzerland,2005,9,0.08,0.92,7437115,0.1210146677,826346.111111,23.99348077,24.34595,Europe
Switzerland,2010,9,0.13,0.87,7824909,0.115017312,869434.333333,23.99348077,24.34595,Europe
Ukraine,1995,25,0.2,0.8,51512299,0.0485320991,2060491.96,23.16196667,0,Europe
Ukraine,2000,25,0.16,0.84,49175848,0.0508379642,1967033.92,23.16196667,0,Europe
Ukraine,2005,25,0.16,0.84,47105150,0.0530727532,1884206,23.16196667,0,Europe
Ukraine,2010,25,0.13,0.87,45870700,0.0545010213,1834828,23.16196667,0,Europe
United Kingdom,1960,22,0.07,0.93,52400000,0.0419847328,2381818.18182,23.49612234,24.22038333,Europe
United Kingdom,1965,33,0.08,0.92,54348050,0.0607197498,1646910.60606,23.49612234,24.22038333,Europe
United Kingdom,1970,43,0.08,0.92,55663250,0.0772502504,1294494.18605,23.49612234,24.22038333,Europe
United Kingdom,1975,43,0.09,0.91,56225800,0.0764773467,1307576.74419,23.49612234,24.22038333,Europe
United Kingdom,1980,43,0.09,0.91,56314216,0.0763572736,1309632.93023,23.49612234,24.22038333,Europe
United Kingdom,1985,46,0.1,0.9,56550268,0.0813435579,1229353.65217,23.49612234,24.22038333,Europe
United Kingdom,1990,47,0.11,0.89,57247586,0.0820995317,1218033.74468,23.49612234,24.22038333,Europe
United Kingdom,1995,68,0.12,0.88,58019030,0.1172029246,853221.029412,23.49612234,24.22038333,Europe
United Kingdom,2000,68,0.22,0.78,58892514,0.1154645903,866066.382353,23.49612234,24.22038333,Europe
United Kingdom,2005,68,0.24,0.76,60401206,0.1125805336,888253.029412,23.49612234,24.22038333,Europe
United Kingdom,2010,68,0.26,0.74,62766365,0.1083382796,923034.779412,23.49612234,24.22038333,Europe
Antigua and Barbuda,1980,0,0,1,73442,0,inf,,,North America
Antigua and Barbuda,1985,1,0,1,69782,1.4330343068,69782,,,North America
Antigua and Barbuda,1990,1,0.03,0.97,66696,1.4993402903,66696,,,North America
Antigua and Barbuda,1995,1,0.05,0.95,73619,1.3583449925,73619,,,North America
Antigua and Barbuda,2000,1,0.06,0.94,83584,1.1964012251,83584,,,North America
Antigua and Barbuda,2005,1,0.05,0.95,89253,1.1204105184,89253,,,North America
Antigua and Barbuda,2010,1,0.06,0.94,94661,1.0564012635,94661,,,North America
Barbados,1970,1,0.17,0.83,238848,0.418676313,238848,,,North America
Barbados,1975,1,0.11,0.89,246034,0.4064478893,246034,,,North America
Barbados,1980,1,0.05,0.95,252194,0.3965201393,252194,,,North America
Barbados,1985,1,0.06,0.94,255924,0.3907410012,255924,,,North America
Barbados,1990,1,0.05,0.95,260374,0.3840629249,260374,,,North America
Barbados,1995,1,0.22,0.78,264959,0.3774168834,264959,,,North America
Barbados,2000,1,0.21,0.79,269847,0.3705803659,269847,,,North America
Barbados,2005,1,0.21,0.79,274009,0.3649515162,274009,,,North America
Barbados,2010,1,0.21,0.8,279569,0.3576934496,279569,,,North America
Canada,1960,44,0,1,17909009,0.2456864029,407022.931818,22.2602,0,North America
Canada,1965,52,0.03,0.97,19678000,0.2642544974,378423.076923,22.2602,0,North America
Canada,1970,68,0.03,0.97,21324000,0.3188895142,313588.235294,22.2602,0,North America
Canada,1975,73,0.11,0.89,23209000,0.3145331552,317931.506849,22.2602,0,North America
Canada,1980,74,0.08,0.92,24593000,0.3008986297,332337.837838,22.2602,0,North America
Canada,1985,75,0.08,0.92,25942000,0.2891064683,345893.333333,22.2602,0,North America
Canada,1990,76,0.06,0.94,27791000,0.2734698284,365671.052632,22.2602,0,North America
Canada,1995,77,0.09,0.91,29354000,0.262315187,381220.779221,22.2602,0,North America
Canada,2000,77,0.13,0.87,30769700,0.2502461837,399606.493506,22.2602,0,North America
Canada,2005,78,0.13,0.87,32312000,0.2413963852,414256.410256,22.2602,0,North America
Canada,2010,79,0.16,0.84,34005274,0.2323169047,430446.506329,22.2602,0,North America
Costa Rica,1960,1,0,1,1333040,0.0750165036,1333040,,,North America
Costa Rica,1965,1,0,1,1589621,0.0629080768,1589621,,,North America
Costa Rica,1970,1,0.01,0.99,1848866,0.0540872081,1848866,,,North America
Costa Rica,1975,3,0.01,0.99,2097407,0.1430337555,699135.666667,,,North America
Costa Rica,1980,3,0.01,0.99,2389310,0.1255592619,796436.666667,,,North America
Costa Rica,1985,3,0.01,0.99,2730233,0.1098807318,910077.666667,,,North America
Costa Rica,1990,3,0.04,0.96,3095995,0.0968993813,1031998.33333,,,North America
Costa Rica,1995,3,0.04,0.96,3510926,0.0854475429,1170308.66667,,,North America
Costa Rica,2000,3,0.04,0.96,3925443,0.0764244953,1308481,,,North America
Costa Rica,2005,3,0.04,0.96,4247841,0.0706241123,1415947,,,North America
Costa Rica,2010,3,0.1,0.9,4545280,0.0660025345,1515093.33333,,,North America
Cuba,1960,4,0,1,7141135,0.0560135049,1785283.75,,,North America
Cuba,1965,4,0,1,7951933,0.0503022347,1987983.25,,,North America
Cuba,1970,5,0.25,0.75,8715123,0.0573715368,1743024.6,,,North America
Cuba,1975,7,0.23,0.77,9438442,0.0741647827,1348348.85714,,,North America
Cuba,1980,10,0.25,0.75,9835177,0.1016758519,983517.7,,,North America
Cuba,1985,10,0.25,0.75,10082989,0.0991769405,1008298.9,,,North America
Cuba,1990,10,0.24,0.76,10582081,0.0944993712,1058208.1,,,North America
Cuba,1995,10,0.21,0.79,10906043,0.0916922847,1090604.3,,,North America
Cuba,2000,10,0.15,0.85,11150736,0.089680179,1115073.6,,,North America
Cuba,2005,10,0.13,0.87,11284253,0.0886190694,1128425.3,,,North America
Cuba,2010,10,0.13,0.87,11333051,0.0882374923,1133305.1,,,North America
Guatemala,1960,1,0,1,4210747,0.0237487553,4210747,,,North America
Guatemala,1965,2,0,1,4869716,0.0410701569,2434858,,,North America
Guatemala,1970,4,0.02,0.98,5621792,0.0711516897,1405448,,,North America
Guatemala,1975,5,0.01,0.99,6433728,0.0777154396,1286745.6,,,North America
Guatemala,1980,5,0.01,0.99,7283459,0.0686487011,1456691.8,,,North America
Guatemala,1985,5,0.01,0.99,8240060,0.0606791698,1648012,,,North America
Guatemala,1990,5,0.01,0.99,9263813,0.0539734556,1852762.6,,,North America
Guatemala,1995,6,0,1,10408489,0.0576452548,1734748.16667,,,North America
Guatemala,2000,10,0.03,0.98,11650743,0.0858314358,1165074.3,,,North America
Guatemala,2005,10,0.04,0.96,13096028,0.0763590304,1309602.8,,,North America
Guatemala,2010,12,0.05,0.95,14630417,0.0820209021,1219201.41667,,,North America
Honduras,1960,1,0,1,2038637,0.0490523816,2038637,,,North America
Honduras,1965,1,0,1,2346010,0.0426255643,2346010,,,North America
Honduras,1970,1,0.01,0.99,2716659,0.0368099198,2716659,,,North America
Honduras,1975,1,0.01,0.99,3153261,0.031713201,3153261,,,North America
Honduras,1980,3,0,1,3678286,0.0815597265,1226095.33333,,,North America
Honduras,1985,3,0,1,4281189,0.0700739911,1427063,,,North America
Honduras,1990,5,0.02,0.98,4955328,0.1009014943,991065.6,,,North America
Honduras,1995,5,0.02,0.98,5709051,0.0875802301,1141810.2,,,North America
Honduras,2000,5,0.02,0.98,6524283,0.0766367737,1304856.6,,,North America
Honduras,2005,5,0.06,0.94,7373430,0.0678110459,1474686,,,North America
Honduras,2010,5,0.1,0.9,8194778,0.0610144656,1638955.6,,,North America
Jamaica,1960,1,0.17,0.83,1628252,0.0614155548,1628252,,,North America
Jamaica,1965,1,0.11,0.89,1756266,0.056938983,1756266,,,North America
Jamaica,1970,1,0.1,0.9,1875381,0.0533224982,1875381,,,North America
Jamaica,1975,1,0.07,0.93,2027737,0.0493160602,2027737,,,North America
Jamaica,1980,1,0.02,0.98,2163045,0.0462311233,2163045,,,North America
Jamaica,1985,1,0.11,0.89,2338638,0.0427599312,2338638,,,North America
Jamaica,1990,1,0.26,0.74,2424242,0.0412500072,2424242,,,North America
Jamaica,1995,1,0.25,0.75,2537440,0.0394097989,2537440,,,North America
Jamaica,2000,1,0.24,0.76,2656864,0.0376383586,2656864,,,North America
Jamaica,2005,1,0.22,0.78,2744673,0.0364342127,2744673,,,North America
Jamaica,2010,1,0.2,0.8,2817210,0.0354961114,2817210,,,North America
Mexico,1960,27,0.01,0.99,38174112,0.0707285608,1413856,21.612,0,North America
Mexico,1965,27,0,1,44623043,0.0605068552,1652705.2963,21.612,0,North America
Mexico,1970,28,0.04,0.96,52029861,0.0538152504,1858209.32143,21.612,0,North America
Mexico,1975,31,0.06,0.94,60872399,0.0509262006,1963625.77419,21.612,0,North America
Mexico,1980,34,0.03,0.97,69360871,0.0490189923,2040025.61765,21.612,0,North America
Mexico,1985,34,0,1,77360707,0.0439499603,2275314.91176,21.612,0,North America
Mexico,1990,35,0.03,0.97,85357874,0.0410038329,2438796.4,21.612,0,North America
Mexico,1995,37,0.02,0.98,94045579,0.0393426256,2541772.40541,21.612,0,North America
Mexico,2000,37,0.02,0.98,101719673,0.0363744779,2749180.35135,21.612,0,North America
Mexico,2005,38,0.06,0.94,108472228,0.0350320084,2854532.31579,21.612,0,North America
Mexico,2010,38,0.03,0.97,117318941,0.0323903367,3087340.55263,21.612,0,North America
Nicaragua,1960,3,0,1,1774699,0.1690427503,591566.333333,,,North America
Nicaragua,1965,4,0,1,2062630,0.1939271707,515657.5,,,North America
Nicaragua,1970,5,0.01,0.99,2398096,0.2084987423,479619.2,,,North America
Nicaragua,1975,5,0.01,0.99,2796746,0.1787791955,559349.2,,,North America
Nicaragua,1980,5,0,1,3249910,0.1538504143,649982,,,North America
Nicaragua,1985,6,0.01,0.99,3709091,0.1617647019,618181.833333,,,North America
Nicaragua,1990,6,0.01,0.99,4144565,0.1447679069,690760.833333,,,North America
Nicaragua,1995,9,0.03,0.97,4612228,0.1951334583,512469.777778,,,North America
Nicaragua,2000,22,0.04,0.96,5026796,0.4376545219,228490.727273,,,North America
Nicaragua,2005,28,0.09,0.91,5379328,0.5205111122,192118.857143,,,North America
Nicaragua,2010,32,0.09,0.91,5737723,0.5577125281,179303.84375,,,North America
Panama,1960,2,0,1,1132921,0.1765348158,566460.5,,,North America
Panama,1965,3,0,1,1314626,0.2282017851,438208.666667,,,North America
Panama,1970,3,0,1,1519299,0.1974594863,506433,,,North America
Panama,1975,3,0,1,1745205,0.1718995763,581735,,,North America
Panama,1980,3,0.01,0.99,1978578,0.1516240451,659526,,,North America
Panama,1985,4,0,1,2219276,0.1802389608,554819,,,North America
Panama,1990,4,0.01,0.99,2471009,0.1618771927,617752.25,,,North America
Panama,1995,4,0,1,2739730,0.1459997883,684932.5,,,North America
Panama,2000,5,0,1,3030347,0.1649976059,606069.4,,,North America
Panama,2005,5,0,1,3330465,0.1501291862,666093,,,North America
Panama,2010,5,0,1,3643222,0.1372411563,728644.4,,,North America
United States,1960,415,0.12,0.88,180671000,0.2296992877,435351.807229,22.45901324,23.603375,North America
United States,1965,448,0.1,0.9,194303000,0.2305677215,433712.053571,22.45901324,23.603375,North America
United States,1970,465,0.1,0.9,205052000,0.2267717457,440972.043011,22.45901324,23.603375,North America
United States,1975,481,0.11,0.89,215973000,0.2227130243,449008.316008,22.45901324,23.603375,North America
United States,1980,484,0.12,0.88,227225000,0.213004731,469473.140496,22.45901324,23.603375,North America
United States,1985,484,0.11,0.89,237924000,0.2034263042,491578.512397,22.45901324,23.603375,North America
United States,1990,486,0.1,0.9,249623000,0.1946935979,513627.572016,22.45901324,23.603375,North America
United States,1995,489,0.13,0.87,266278000,0.1836426592,544535.787321,22.45901324,23.603375,North America
United States,2000,490,0.16,0.84,282162411,0.1736588507,575841.655102,22.45901324,23.603375,North America
United States,2005,492,0.18,0.83,295516599,0.1664881099,600643.493902,22.45901324,23.603375,North America
United States,2010,494,0.19,0.81,309348193,0.1596906047,626210.917004,22.45901324,23.603375,North America
Australia,1960,22,0.04,0.96,10276477,0.2140811486,467112.590909,21.86368,0,Oceania
Australia,1965,24,0.05,0.95,11388000,0.210748156,474500,21.86368,0,Oceania
Australia,1970,28,0.06,0.94,12507000,0.2238746302,446678.571429,21.86368,0,Oceania
Australia,1975,31,0.09,0.91,13893000,0.2231339524,448161.290323,21.86368,0,Oceania
Australia,1980,31,0.12,0.88,14692000,0.2109991832,473935.483871,21.86368,0,Oceania
Australia,1985,31,0.13,0.87,15758000,0.1967254728,508322.580645,21.86368,0,Oceania
Australia,1990,34,0.14,0.86,17065100,0.1992370393,501914.705882,21.86368,0,Oceania
Australia,1995,36,0.16,0.84,18072000,0.1992031873,502000,21.86368,0,Oceania
Australia,2000,36,0.17,0.83,19153000,0.1879601107,532027.777778,21.86368,0,Oceania
Australia,2005,37,0.22,0.78,20394800,0.181418793,551210.810811,21.86368,0,Oceania
Australia,2010,38,0.31,0.69,22031750,0.1724783551,579782.894737,21.86368,0,Oceania
New Zealand,1960,6,0.03,0.97,2371800,0.252972426,395300,24.13163333,0,Oceania
New Zealand,1965,7,0.03,0.97,2628400,0.2663217166,375485.714286,24.13163333,0,Oceania
New Zealand,1970,7,0.04,0.96,2810700,0.2490482798,401528.571429,24.13163333,0,Oceania
New Zealand,1975,7,0.05,0.95,3083100,0.2270442088,440442.857143,24.13163333,0,Oceania
New Zealand,1980,7,0.08,0.92,3112900,0.2248706993,444700,24.13163333,0,Oceania
New Zealand,1985,7,0.1,0.9,3247100,0.2155769764,463871.428571,24.13163333,0,Oceania
New Zealand,1990,7,0.13,0.87,3329800,0.2102228362,475685.714286,24.13163333,0,Oceania
New Zealand,1995,7,0.19,0.81,3673400,0.190559155,524771.428571,24.13163333,0,Oceania
New Zealand,2000,8,0.27,0.73,3857700,0.2073774529,482212.5,24.13163333,0,Oceania
New Zealand,2005,8,0.39,0.61,4133900,0.1935218559,516737.5,24.13163333,0,Oceania
New Zealand,2010,8,0.39,0.61,4350700,0.1838784563,543837.5,24.13163333,0,Oceania
Argentina,1960,9,0,1,20619075,0.0436489028,2291008.33333,20.61145,0,South America
Argentina,1965,10,0,1,22283390,0.0448764753,2228339,20.61145,0,South America
Argentina,1970,11,0,1,23973058,0.0458848429,2179368.90909,20.61145,0,South America
Argentina,1975,25,0,1,26066975,0.0959067939,1042679,20.61145,0,South America
Argentina,1980,26,0,1,28105888,0.0925073067,1080995.69231,20.61145,0,South America
Argentina,1985,26,0.01,0.99,30388783,0.085557885,1168799.34615,20.61145,0,South America
Argentina,1990,30,0.02,0.98,32729739,0.0916597593,1090991.3,20.61145,0,South America
Argentina,1995,37,0.03,0.98,34994814,0.1057299519,945805.783784,20.61145,0,South America
Argentina,2000,38,0.04,0.96,37057452,0.1025434776,975196.105263,20.61145,0,South America
Argentina,2005,40,0.12,0.88,39145488,0.1021829131,978637.2,20.61145,0,South America
Argentina,2010,44,0.12,0.88,41223889,0.1067342288,936906.568182,20.61145,0,South America
Chile,1960,7,0,1,7716625,0.0907132328,1102375,22.8899,0,South America
Chile,1965,8,0,1,8617077,0.0928389058,1077134.625,22.8899,0,South America
Chile,1970,8,0.03,0.97,9563865,0.0836481903,1195483.125,22.8899,0,South America
Chile,1975,8,0.03,0.97,10435534,0.0766611464,1304441.75,22.8899,0,South America
Chile,1980,8,0.04,0.96,11266226,0.0710086945,1408278.25,22.8899,0,South America
Chile,1985,16,0,1,12181028,0.1313518038,761314.25,22.8899,0,South America
Chile,1990,16,0.03,0.97,13242132,0.1208264651,827633.25,22.8899,0,South America
Chile,1995,17,0,1,14296613,0.1189092829,840977.235294,22.8899,0,South America
Chile,2000,17,0.03,0.97,15262754,0.1113822578,897809.058824,22.8899,0,South America
Chile,2005,17,0.08,0.92,16147064,0.1052822978,949827.294118,22.8899,0,South America
Chile,2010,17,0.06,0.94,16993354,0.1000391094,999609.058824,22.8899,0,South America
Colombia,1960,22,0,1,16480383,0.1334920432,749108.318182,,,South America
Colombia,1965,24,0,1,19144223,0.1253641895,797675.958333,,,South America
Colombia,1970,26,0,1,22061215,0.1178538897,848508.269231,,,South America
Colombia,1975,31,0,1,24756973,0.1252172469,798612.032258,,,South America
Colombia,1980,33,0,1,27737900,0.1189707945,840542.424242,,,South America
Colombia,1985,36,0.01,0.99,31011688,0.1160852644,861435.777778,,,South America
Colombia,1990,37,0.01,0.99,34271565,0.1079612209,926258.513514,,,South America
Colombia,1995,37,0.01,0.99,37441977,0.0988195682,1011945.32432,,,South America
Colombia,2000,37,0.01,0.99,40403958,0.0915751868,1091998.86486,,,South America
Colombia,2005,38,0.02,0.99,43285634,0.0877889417,1139095.63158,,,South America
Colombia,2010,38,0.02,0.99,45918097,0.0827560428,1208370.97368,,,South America
Ecuador,1960,3,0,1,4545550,0.065998614,1515183.33333,,,South America
Ecuador,1965,3,0,1,5250119,0.0571415619,1750039.66667,,,South America
Ecuador,1970,3,0,1,6072527,0.0494028269,2024175.66667,,,South America
Ecuador,1975,3,0,1,6987391,0.0429344801,2329130.33333,,,South America
Ecuador,1980,3,0,1,7976445,0.0376107401,2658815,,,South America
Ecuador,1985,3,0,1,9045979,0.0331639063,3015326.33333,,,South America
Ecuador,1990,3,0,1,10218091,0.0293596916,3406030.33333,,,South America
Ecuador,1995,3,0,1,11440583,0.0262224399,3813527.66667,,,South America
Ecuador,2000,3,0.08,0.93,12628596,0.0237556099,4209532,,,South America
Ecuador,2005,3,0.08,0.92,13735233,0.0218416389,4578411,,,South America
Ecuador,2010,3,0.09,0.92,14934690,0.0200874608,4978230,,,South America
Paraguay,1960,1,0,1,1902875,0.0525520594,1902875,,,South America
Paraguay,1965,1,0,1,2170859,0.0460647145,2170859,,,South America
Paraguay,1970,1,0.01,0.99,2474106,0.0404186401,2474106,,,South America
Paraguay,1975,1,0,1,2790962,0.0358299396,2790962,,,South America
Paraguay,1980,1,0,1,3180630,0.0314403121,3180630,,,South America
Paraguay,1985,1,0,1,3671826,0.027234406,3671826,,,South America
Paraguay,1990,1,0,1,4213742,0.0237318754,4213742,,,South America
Paraguay,1995,1,0,1,4760850,0.0210046525,4760850,,,South America
Paraguay,2000,1,0.03,0.98,5302700,0.0188583175,5302700,,,South America
Paraguay,2005,1,0.03,0.97,5795494,0.0172547845,5795494,,,South America
Paraguay,2010,1,0.03,0.97,6209877,0.0161033785,6209877,,,South America
Peru,1960,4,0,1,10061515,0.0397554444,2515378.75,0,22.9902,South America
Peru,1965,4,0,1,11607681,0.0344599408,2901920.25,0,22.9902,South America
Peru,1970,4,0,1,13341069,0.0299826048,3335267.25,0,22.9902,South America
Peru,1975,4,0,1,15229947,0.0262640441,3807486.75,0,22.9902,South America
Peru,1980,4,0,1,17359120,0.0230426427,4339780,0,22.9902,South America
Peru,1985,4,0,1,19544956,0.0204656383,4886239,0,22.9902,South America
Peru,1990,4,0,1,21826658,0.0183262138,5456664.5,0,22.9902,South America
Peru,1995,4,0,1,24038760,0.0166397934,6009690,0,22.9902,South America
Peru,2000,4,0.02,0.98,25914879,0.0154351483,6478719.75,0,22.9902,South America
Peru,2005,4,0.03,0.97,27610410,0.0144872894,6902602.5,0,22.9902,South America
Peru,2010,4,0.04,0.96,29373646,0.013617649,7343411.5,0,22.9902,South America
Trinidad and Tobago,1960,1,0.03,0.97,848479,0.1178579552,848479,,,#N/A
Trinidad and Tobago,1965,1,0.01,0.99,912417,0.1095990101,912417,,,#N/A
Trinidad and Tobago,1970,1,0,1,945993,0.1057090274,945993,,,#N/A
Trinidad and Tobago,1975,1,0,1,1011490,0.098864052,1011490,,,#N/A
Trinidad and Tobago,1980,1,0,1,1085308,0.0921397428,1085308,,,#N/A
Trinidad and Tobago,1985,1,0.13,0.87,1170928,0.0854023475,1170928,,,#N/A
Trinidad and Tobago,1990,1,0.01,0.99,1221900,0.0818397578,1221900,,,#N/A
Trinidad and Tobago,1995,1,0.02,0.98,1255001,0.0796812114,1255001,,,#N/A
Trinidad and Tobago,2000,1,0.02,0.98,1267984,0.0788653485,1267984,,,#N/A
Trinidad and Tobago,2005,1,0.08,0.92,1296934,0.0771049259,1296934,,,#N/A
Trinidad and Tobago,2010,1,0.13,0.87,1328100,0.075295535,1328100,,,#N/A
